Timestamp,LeftHip_pitch,LeftHip_roll,LeftHip_yaw,LeftKnee_flexion,LeftAnkle_pitch,LeftAnkle_roll,RightHip_pitch,RightHip_roll,RightHip_yaw,RightKnee_flexion,RightAnkle_pitch,RightAnkle_roll,LeftShoulder_pitch,LeftShoulder_roll,LeftShoulder_yaw,LeftElbow_flexion,RightShoulder_pitch,RightShoulder_roll,RightShoulder_yaw,RightElbow_flexion,LeftWrist_pronation,RightWrist_pronation,Waist_yaw
0,4.216679,-3.465236,-2.060516,6.305837,-5.030222,-4.390464,19.71169,2.349408,10.88034,22.53444,-0.4201138,0.422787,0.5804718,18.70211,-39.08104,17.91023,20.19704,1.114345,-37.34121,26.95401,0.0,0.0,-5.222010000000001
33,11.23573,-3.40595,-1.984949,23.68138,5.496793,-3.965914,23.74172,2.773211,9.896086,33.81358,6.417379,0.6478994,-0.9153573,17.8273,-39.23962,17.5389,19.36422,1.353063,-36.86699,25.75895,0.0,0.0,-6.1439499999999985
67,6.82892,-2.963111,-3.167123,17.14058,3.580859,-3.558365,21.18821,2.030916,9.115787,31.08458,5.938547,0.8531045,-2.124122,16.81703,-38.85139,17.20596,18.46754,1.58041,-36.05111,24.53251,0.0,0.0,-7.240066999999998
100,3.732188,-2.626997,-4.073138,12.42435,2.267104,-3.348704,19.86379,1.785372,9.24212,30.03609,5.969593,0.9358863,-2.759673,16.02865,-38.13272,16.99154,17.81256,1.769567,-35.37035,23.66381,0.0,0.0,-8.162531999999999
133,2.563077,-2.514103,-4.201045,10.35699,1.731218,-3.294849,19.63646,1.942853,10.09627,29.97596,6.097476,0.8750131,-2.898473,15.68151,-37.66332,16.84853,17.513,1.992036,-35.50237,23.27913,0.0,0.0,-8.665811999999999
167,3.098952,-2.664675,-4.208311,10.5118,1.683188,-3.367836,20.07543,2.279315,10.965,30.0277,6.040788,0.7454271,-2.645453,15.73013,-37.68236,16.70036,17.46193,2.340925,-36.77101,23.2874,0.0,-0.01978234,-8.692160000000001
200,4.77278,-3.029985,-4.125545,11.98594,1.796567,-3.508987,20.91212,2.750384,11.85041,29.89375,5.818407,0.5913732,-2.022456,15.98343,-37.91932,16.53162,17.48706,2.831928,-38.90548,23.54735,0.0,0.0,-8.274869999999998
233,6.747152,-3.485297,-3.924159,13.64327,1.826706,-3.639912,21.88329,3.21808,12.47316,29.56409,5.569437,0.481415,-1.211762,16.30489,-38.08987,16.3829,17.48322,3.352111,-41.1722,23.86899,0.0,0.0,-7.511431999999999
267,8.152445,-3.85519,-3.58976,14.44448,1.635901,-3.694836,22.65719,3.486165,12.4672,29.05059,5.369618,0.4567223,-0.6110179,16.68234,-38.25627,16.30019,17.41916,3.745961,-42.88327,24.02811,0.0,0.0,-6.599669999999998
300,8.620357,-4.059007,-3.17083,13.95051,1.177859,-3.670285,23.04561,3.493921,11.83335,28.29297,5.204733,0.5059516,-0.4973219,17.2019,-38.73965,16.28388,17.3255,3.973058,-43.88749,23.93336,0.0,0.0,-5.728399999999999
333,8.504152,-4.159582,-2.720453,12.49727,0.4722982,-3.621268,23.15061,3.354073,10.93965,27.18276,5.045506,0.5822604,-0.8432553,18.03977,-39.84164,16.32848,17.34291,4.097825,-44.46276,23.71501,0.0,0.0,-4.952060000000001
367,8.581445,-4.277773,-2.284391,11.07092,-0.3134116,-3.626859,23.22043,3.217804,10.11855,25.69112,4.832457,0.6285746,-1.517235,19.33292,-41.54058,16.46601,17.60088,4.20738,-44.95244,23.59114,0.0,0.0,-4.248330000000001
400,9.355594,-4.473427,-1.93563,10.60697,-0.8762568,-3.718966,23.35473,3.14821,9.435819,23.94249,4.518134,0.6145992,-2.408103,20.96161,-43.43637,16.69515,18.02348,4.399616,-45.64603,23.70435,0.0,0.0,-3.5983
433,10.75987,-4.745549,-1.715434,11.33967,-1.010269,-3.86219,23.59084,3.165465,8.821338,22.34222,4.15558,0.5589482,-3.265907,22.49726,-45.00158,16.95829,18.42191,4.72298,-46.61469,24.08227,0.0,0.0,-3.0049800000000015
467,12.19144,-5.043935,-1.609246,12.5042,-0.8775957,-3.979943,23.96451,3.269497,8.282449,21.36831,3.863966,0.5010511,-3.732818,23.47206,-45.8825,17.21632,18.71383,5.095161,-47.52694,24.64302,0.0,0.0,-2.494769999999999
500,13.1206,-5.279521,-1.552552,13.31524,-0.6778198,-4.02235,24.41085,3.410066,7.954409,21.15381,3.703009,0.4854624,-3.739736,23.79573,-46.08231,17.48442,18.9208,5.373704,-47.97508,25.25895,0.0,0.0,-2.0598100000000006
533,13.41245,-5.344505,-1.422716,13.63216,-0.4116447,-3.991594,24.72181,3.504038,8.161544,21.43013,3.668905,0.5108508,-3.587687,23.76406,-45.85928,17.81423,19.02691,5.510609,-47.91206,25.90026,0.0,0.0,-1.6194500000000005
567,13.60187,-5.211341,-1.007942,14.37965,0.2055842,-3.94608,24.97281,3.608804,9.526874,22.23756,3.76109,0.5005869,-3.640886,23.69732,-45.54507,18.25066,18.99038,5.549131,-47.55548,26.64896,0.0,0.0,-1.0682500000000008
600,14.52637,-4.922912,-0.1631294,16.92844,1.577684,-3.952238,25.62663,4.009581,12.86528,24.26509,4.008634,0.3228206,-4.104652,23.7467,-45.45089,18.78619,18.8468,5.517006,-47.07426,27.5761,0.0,0.0,-0.3416200000000007
633,16.70302,-4.524133,0.9323022,22.03514,3.873229,-4.070096,27.18372,5.267181,18.76622,28.49071,4.42545,-0.1097176,-4.917172,23.87747,-45.63105,19.35827,18.64175,5.434911,-46.53405,28.65575,0.0,0.0,0.5143299999999993
667,19.4779,-4.039135,1.677014,28.37572,6.471085,-4.296758,29.49754,7.123282,23.77771,34.62177,4.596019,-0.5246494,-5.906476,23.96154,-45.84539,19.87819,18.25592,5.401274,-46.01025,29.72784,0.0,0.0,1.3038799999999995
700,20.80884,-3.565401,1.407921,31.83496,7.443156,-4.554413,31.15269,8.419542,26.46552,39.27539,2.708338,-0.7628172,-7.130501,23.98997,-45.96873,20.2578,17.49474,5.52946,-45.52563,30.57978,0.0,0.0,1.8290100000000002
733,20.98983,-3.089545,0.3000144,33.16344,7.416271,-4.808985,32.31119,9.068975,27.62257,42.71162,-0.9387863,-0.8533949,-8.798281,24.09165,-46.18736,20.42176,16.46907,5.723855,-44.83148,31.14496,0.0,0.0,2.17544
767,20.76787,-2.522244,-0.7566639,33.83747,7.297508,-5.09512,34.72485,10.51051,27.82528,49.25731,-3.298653,-0.6869504,-10.81672,24.281,-46.63837,20.3291,15.64966,5.688443,-43.54698,31.53265,0.0,0.0,2.742840000000001
800,20.24677,-1.791315,-0.7996635,33.83738,7.155494,-5.457617,38.47342,12.91934,27.31439,59.2598,-2.551749,-0.4856607,-12.67057,24.35713,-47.07934,20.02145,15.31753,5.324579,-41.70699,31.84336,0.0,0.0,3.8334399999999995
833,20.16993,-0.6252162,0.513962,34.01068,7.192493,-5.599837,41.20692,15.4907,26.36798,67.76603,0.0,-7.668896e-06,-13.7324,24.08632,-47.03771,19.62118,15.29655,4.871139,-39.88338,32.04419,0.0,0.0,5.27398
867,21.3024,0.9995893,2.791339,35.32277,7.500539,-5.364426,39.79142,15.92589,26.63288,66.65795,0.0,2.45588e-06,-13.55793,23.43612,-46.21516,19.27749,15.46852,4.486375,-38.47813,32.05984,0.0,0.0,6.585609999999999
900,23.33614,2.610731,5.383249,37.43247,7.894487,-5.080959,37.40975,16.30886,27.23199,62.95086,0.0,2.823317e-06,-12.10633,22.69297,-44.85664,19.11323,16.14378,3.994785,-37.20492,31.91636,0.0,0.0,7.429907000000002
933,25.93229,4.058321,7.638795,39.90843,8.282757,-4.770376,35.31168,17.10218,27.71776,58.64581,0.0,-3.092394e-06,-9.85343,22.26323,-43.71036,19.17881,17.65083,3.186105,-35.59724,31.69858,0.0,0.0,7.773000999999999
967,28.22185,5.226846,9.192699,41.6992,8.596879,-4.455467,33.39153,18.14162,27.82386,53.83255,0.0,3.897012e-06,-7.527594,22.2607,-43.28592,19.46804,19.72884,2.138539,-33.63821,31.45231,0.0,0.0,7.7994140000000005
1000,29.32811,6.052571,10.02778,41.9696,8.841312,-4.190362,30.73155,18.9167,27.73654,47.73231,0.0,-1.139958e-05,-5.672192,22.44949,-43.36283,19.94331,21.6592,1.107475,-31.60312,31.16115,0.0,0.0,7.741884000000001
1033,29.05597,6.548828,10.28664,40.81744,8.974238,-3.979076,27.64237,19.36265,27.59881,41.3108,0.0,-8.259761e-06,-4.459576,22.61285,-43.51563,20.48351,22.94307,0.3071049,-29.72751,30.81169,0.0,0.0,7.693353
1067,28.00006,6.786021,10.12456,39.11543,8.977961,-3.805916,25.77296,19.98598,27.24717,37.02596,0.0,1.724346e-05,-3.821262,22.8085,-43.66928,20.93397,23.57556,-0.132704,-28.27856,30.47718,0.0,0.0,7.632783000000002
1100,26.66213,6.86783,9.711608,37.37022,8.905915,-3.66513,26.04929,21.11784,26.54189,35.99093,0.0,-9.862936e-06,-3.674717,23.23758,-44.01217,21.25767,23.76775,-0.174713,-27.55222,30.23985,0.0,0.0,7.579319
1133,25.32335,6.894739,9.121669,35.78002,8.825012,-3.555337,27.84701,22.51893,25.46863,37.13286,0.0,-2.829799e-07,-4.036626,24.01756,-44.71023,21.5274,23.68202,0.1027921,-27.57363,30.03989,0.0,0.0,7.567098999999999
1167,24.22021,6.918801,8.256829,34.64459,8.762687,-3.465428,29.9023,23.73418,24.23503,38.67663,0.0,1.646855e-06,-4.816214,25.02085,-45.66338,21.78237,23.41391,0.53008,-28.03982,29.74032,0.0,0.0,7.530493
1200,23.52673,6.949687,6.957958,34.23211,8.735745,-3.39226,31.30217,24.46671,23.17453,39.45343,0.0,-7.304574e-07,-5.591597,25.88801,-46.48893,21.96871,23.07519,0.9206861,-28.56161,29.33457,0.0,0.0,7.354679999999998
1233,23.23006,7.026713,5.252738,34.46254,8.75477,-3.321847,31.702,24.59068,22.46294,39.1287,0.0,1.942567e-06,-5.841136,26.26127,-46.77344,22.00754,22.80125,1.120649,-28.82554,28.98195,0.0,0.0,6.998200000000001
1267,23.12375,7.21552,3.421309,34.9409,8.797411,-3.246047,30.93728,23.99553,22.04105,37.69019,0.0,-1.012642e-05,-5.474108,26.04244,-46.36734,21.87628,22.6232,1.092353,-28.67426,28.77662,0.0,0.0,6.463149999999999
1300,23.00124,7.531836,1.696506,35.27487,8.846867,-3.166733,28.83587,22.5863,21.67761,35.08881,0.0,-4.126101e-06,-4.996458,25.47776,-45.54998,21.63504,22.40865,0.9402443,-28.1551,28.54809,0.0,0.0,5.6958600000000015
1333,22.79515,7.884583,0.05595291,35.22176,8.87768,-3.083547,25.60168,20.4624,20.99244,31.56526,0.0,2.399858e-08,-4.931574,24.89852,-44.77931,21.38143,22.00619,0.8325126,-27.53549,28.06359,0.0,0.0,4.65287
1367,22.56048,8.139884,-1.599488,34.85434,8.885974,-3.001564,22.02947,18.02953,19.66662,27.91874,0.0,-5.722532e-06,-5.308288,24.43668,-44.27094,21.17257,21.37493,0.9242921,-27.35657,27.34952,0.0,0.0,3.4485899999999994
1400,22.44183,8.24173,-3.269382,34.52009,8.857164,-2.91713,19.01936,15.88264,17.95176,25.05163,0.0,-4.327413e-06,-5.901861,24.10672,-44.03347,21.00836,20.58223,1.299052,-28.25306,26.6517,0.0,0.0,2.33193
1433,21.91245,8.334666,-4.663209,33.84121,8.809728,-2.775514,16.51855,14.29577,16.79906,22.3269,-0.5248867,-0.04343385,-6.500412,23.90517,-44.03668,20.86521,19.76202,1.914791,-30.38433,26.21117,0.0,0.0,1.5152
1467,21.01035,8.468808,-5.554708,32.77883,8.712915,-2.652165,8.355738,11.17762,17.94564,6.642397,-8.196711,-0.4275944,-6.871268,23.73585,-44.12506,20.7214,19.03816,2.610221,-33.08042,26.10558,0.0,0.0,1.0230899999999998
1500,20.49117,8.559554,-6.098376,32.09445,8.607519,-2.605871,5.15233,9.71302,18.51847,0.0,-11.82133,-0.7956474,-6.917357,23.49796,-44.10174,20.5887,18.49094,3.169347,-35.24953,26.19208,0.0,0.0,0.6662599999999994
1533,20.29291,8.636092,-6.53435,31.77602,8.524151,-2.584544,5.387543,9.375585,18.66681,0.0,-12.25627,-1.110023,-6.824496,23.26127,-44.00992,20.49225,18.23313,3.397766,-36.14636,26.26775,0.0,0.0,0.22165000000000035
1567,20.29822,8.740978,-6.964692,31.70722,8.44599,-2.570857,5.42607,9.262055,19.1132,0.0,-12.46467,-1.059731,-6.824323,23.15975,-44.07819,20.38273,18.37814,3.222457,-35.75134,26.32842,0.0,0.0,-0.3379600000000007
1600,20.44299,8.938209,-7.295976,31.7852,8.362222,-2.579688,5.582301,9.062301,19.96848,0.0,-12.70124,-1.006436,-6.906205,23.15233,-44.32594,20.14749,18.88257,2.75797,-34.64874,26.5779,0.0,0.0,-0.838750000000001
1633,20.73583,9.258152,-7.381769,31.96509,8.338188,-2.612802,8.401978,9.696928,20.66126,5.228921,-10.4349,-1.01768,-6.84424,23.00414,-44.42009,19.72146,19.5384,2.242976,-33.64713,27.15227,0.0,0.0,-1.0853199999999994
1667,20.97565,9.698277,-7.149212,31.89146,8.316376,-2.645763,12.92923,10.94724,20.89547,13.84041,-6.563037,-1.135317,-6.555892,22.54274,-44.03854,19.15484,20.06265,1.921117,-33.34488,27.90483,0.0,0.0,-1.0535700000000006
1700,21.06321,10.23208,-6.673002,31.64663,8.3202,-2.65346,15.49363,11.50304,21.20563,18.52968,-4.769126,-1.34837,-6.380732,21.88601,-43.25193,18.60699,20.14367,1.959246,-33.92312,28.56841,0.0,0.0,-0.9419400000000007
1733,21.20588,10.85823,-6.008934,31.8694,8.403147,-2.630559,17.76663,12.05645,21.56557,23.15092,-3.340058,-1.590295,-6.726511,21.26537,-42.39608,18.20697,19.59862,2.360574,-35.2093,29.06911,0.0,0.0,-0.9516399999999994
1767,21.8677,11.5936,-5.142014,33.25646,8.577552,-2.584711,20.32763,12.85231,22.0241,28.69709,-2.03932,-1.808053,-7.563795,20.74957,-41.72498,17.87865,18.59028,2.932714,-36.85649,29.504,0.0,0.0,-1.0479400000000005
1800,23.31406,12.40539,-4.228136,35.80975,8.7872,-2.526616,23.32402,13.84339,22.31696,34.82782,-1.000538,-1.962479,-8.473268,20.29326,-41.32991,17.4213,17.58685,3.40772,-38.51229,29.93829,0.0,0.0,-1.046759999999999
1833,25.30774,13.16261,-3.58976,38.72935,8.948763,-2.463143,26.49109,14.76999,22.22892,40.51052,-0.2762456,-2.041164,-9.005296,19.89925,-41.15448,16.79528,17.079,3.585886,-39.77977,30.41124,0.0,0.0,-0.8582000000000001
1867,27.23585,13.69896,-3.400531,41.09731,9.026521,-2.401289,29.31903,15.48146,21.95524,44.96248,0.1545051,-2.09504,-9.098159,19.65856,-41.09916,16.22633,17.1934,3.459665,-40.29717,30.96242,0.0,0.0,-0.6139799999999997
1900,28.63357,13.91261,-3.651358,42.66274,9.042702,-2.368412,31.50969,16.14216,21.82105,48.35816,0.1780411,-2.203858,-9.236695,19.63762,-41.27705,15.96499,17.45952,3.304227,-40.16391,31.53672,0.0,0.0,-0.5918700000000001
1933,29.36876,13.83908,-4.203468,43.62723,9.026217,-2.390693,33.10018,16.94734,21.89779,51.32251,-0.2907402,-2.373985,-9.806522,19.66943,-41.78325,16.00388,17.23153,3.449009,-39.92806,31.99912,0.0,0.0,-0.9567300000000003
1967,29.68118,13.66616,-4.845573,44.3108,9.002546,-2.437113,34.42389,17.85304,21.98146,54.32663,-1.066429,-2.551222,-10.44738,19.3968,-42.27836,16.11646,16.34675,3.941288,-40.00022,32.27834,0.0,0.0,-1.614279999999999
2000,29.79419,13.62242,-5.41526,44.8646,8.968326,-2.459349,35.70154,18.65761,21.9511,57.42767,-1.992723,-2.67334,-10.60007,18.6684,-42.35655,16.12374,15.13036,4.596829,-40.45424,32.46371,0.0,0.0,-2.323839999999999
2033,29.67413,13.84104,-5.970283,45.21017,8.906401,-2.439578,36.79416,19.13923,21.91173,60.3018,-3.158457,-2.730191,-10.37138,17.77584,-42.11919,16.03833,13.92825,5.263619,-41.27919,32.76389,0.0,0.0,-2.83305
2067,29.07359,14.29625,-6.634598,44.96296,8.70624,-2.419803,37.45642,19.16237,21.93817,62.56639,-4.621096,-2.712522,-10.42434,17.25331,-42.21341,15.97364,12.92618,5.864746,-42.37903,33.29968,0.0,0.0,-2.978019999999999
2100,28.04339,14.90186,-7.398549,44.19273,8.373322,-2.407075,37.71657,18.76789,21.93792,64.22689,-6.21164,-2.602057,-11.24507,17.45266,-43.19992,16.01122,12.27572,6.269228,-43.41143,33.97924,0.0,0.0,-2.7742199999999997
2133,26.98673,15.55604,-8.095072,43.47408,7.989203,-2.38409,37.90579,18.20945,21.7945,65.71027,-7.677313,-2.415704,-12.67227,18.24168,-44.79794,16.17391,12.09978,6.317983,-43.94165,34.68657,0.0,0.0,-2.3847000000000005
2167,26.29929,16.1356,-8.559904,43.25746,7.643701,-2.356881,38.42422,17.80243,21.45872,67.539,-8.732866,-2.217046,-14.05964,19.1186,-46.18663,16.41801,12.37256,6.003647,-43.77218,35.4096,0.0,0.0,-2.0103299999999997
2200,26.08174,16.50559,-8.784674,43.45108,7.387535,-2.349173,39.36371,17.64783,20.9374,69.6209,-9.320551,-2.063447,-14.92189,19.66872,-46.96589,16.63592,12.86192,5.522084,-43.08525,36.08543,0.0,0.0,-1.7596300000000014
2233,26.16246,16.59587,-8.889577,43.68747,7.227214,-2.361388,40.52608,17.64401,20.2669,71.47092,-9.544725,-1.965011,-15.24124,19.80179,-47.29565,16.7139,13.25958,5.116956,-42.31078,36.54675,0.0,0.0,-1.5681700000000003
2267,26.31233,16.49394,-8.967712,43.77472,7.12103,-2.358255,41.64637,17.6431,19.53583,72.84681,-9.444148,-1.915882,-15.1265,19.57685,-47.33724,16.5976,13.44951,4.881383,-41.78732,36.73109,0.0,0.0,-1.3288700000000002
2300,26.38276,16.37288,-8.985703,43.78006,7.035978,-2.326096,42.53603,17.54432,18.81034,73.84737,-9.002917,-1.899691,-14.62605,19.06514,-47.02645,16.32341,13.54324,4.732676,-41.5229,36.79001,0.0,0.0,-1.0352699999999988
2333,26.22093,16.35562,-8.833022,43.68871,7.010338,-2.258864,43.13721,17.28705,18.06688,74.6731,-8.056858,-1.908418,-13.8526,18.34804,-46.29423,15.99155,13.63342,4.585566,-41.36633,36.87728,0.0,0.0,-0.7014899999999997
2367,25.73565,16.45214,-8.409174,43.37571,7.092488,-2.129175,43.475,16.85844,17.26639,75.36092,-6.259056,-1.955612,-12.85091,17.45504,-45.12906,15.70708,13.73276,4.432173,-41.25408,36.97705,0.0,0.0,-0.29043000000000063
2400,25.01896,16.64081,-7.647294,42.84202,7.248682,-1.892946,43.563,16.31559,16.47757,75.80647,-3.305294,-2.045643,-11.45081,16.35273,-43.43258,15.51994,13.89618,4.258138,-41.20263,37.00362,0.0,0.0,0.18318999999999974
2433,24.05073,16.88248,-6.521523,41.69799,7.103957,-1.575194,43.34875,15.77346,15.90336,75.7453,0.5252593,-2.150438,-9.578197,15.06422,-41.13214,15.3922,14.1339,4.060666,-41.23626,36.89409,0.0,0.0,0.5741200000000006
2467,19.92592,16.88313,-4.281074,33.929,3.434047,-1.650339,41.14344,14.94533,16.09769,71.49979,2.523597,-2.144792,-7.507782,13.72854,-38.42098,15.26738,14.31385,3.890582,-41.3202,36.59269,0.0,0.0,0.6906200000000009
2500,11.46776,16.47815,-1.134704,17.36622,-4.718374,-1.893852,37.58463,14.02794,16.88361,64.35944,2.526387,-1.974024,-5.629567,12.54373,-35.75818,15.18013,14.30826,3.802872,-41.36272,36.06693,0.0,0.0,0.4096700000000002
2533,2.559103,15.79246,1.431218,0.0,-13.13141,-1.817757,34.45735,13.43346,17.70643,58.50705,2.702405,-1.596546,-4.109087,11.6529,-33.59949,15.23196,14.16083,3.810742,-41.30784,35.30004,0.0,0.0,-0.2983000000000011
2567,3.983298,15.68067,0.7875819,0.0,-14.31391,-1.118665,31.27466,13.0532,18.55552,53.50112,3.353921,-0.8986825,-2.888528,11.09531,-32.18922,15.46747,14.08839,3.844252,-41.10904,34.25855,0.0,0.0,-1.4141100000000009
2600,14.02375,15.11586,-2.459333,17.51281,-6.734729,-0.4083588,27.78201,12.90076,19.55748,48.99045,4.439238,0.1049917,-1.935529,10.87567,-31.72672,15.81679,14.30638,3.786514,-40.68312,32.9437,0.0,0.0,-2.8745400000000014
2633,19.94965,13.79479,-4.271822,29.61004,-1.068079,-0.01152691,24.56051,12.833,20.79858,45.14097,5.449602,0.9210744,-1.311942,10.98473,-32.3709,16.15133,14.80564,3.599728,-39.98859,31.45979,0.0,0.0,-4.469263999999999
2667,17.8777,12.80447,-3.146347,29.57914,0.0,2.746899e-07,22.68936,12.60163,22.13795,42.39575,5.844557,0.8588984,-1.109064,11.37453,-33.9815,16.41489,15.33151,3.354213,-39.06237,30.01867,0.0,0.0,-5.904323
2700,15.40266,12.10001,-0.8835954,28.35654,0.0,-1.280149e-05,21.85004,12.66856,23.17447,40.94154,5.909462,0.6058233,-1.473659,12.0019,-36.18699,16.70059,15.60558,3.145787,-37.97858,28.85852,0.0,0.0,-7.120963
2733,14.9421,11.34064,1.564981,29.68211,0.0,5.816093e-06,21.94663,13.01923,23.72961,40.85432,5.792545,0.4030212,-2.455192,12.78497,-38.48083,17.12726,15.54606,3.020641,-36.83858,28.09685,0.0,0.0,-8.297722000000002
2767,17.05214,10.26826,3.125246,34.24182,0.0,-1.537802e-05,22.36025,13.11883,23.65951,41.49366,5.722041,0.2734474,-3.652269,13.41869,-40.12471,17.63436,15.25009,2.954792,-35.78027,27.67052,0.0,0.0,-9.442202000000002
2800,21.31015,8.753331,3.423883,41.42204,0.0,-2.610634e-06,22.13834,12.29777,22.82083,41.82086,5.944584,0.1973559,-4.382936,13.48693,-40.52531,18.00628,14.83868,2.905623,-34.98188,27.42934,0.0,0.0,-10.28473
2833,26.04067,6.983234,3.202713,49.01412,0.0,-7.201727e-06,20.82301,10.3584,21.16695,41.21067,6.45707,0.1410078,-4.412331,12.97915,-39.92049,18.08134,14.45409,2.847576,-34.63965,27.23489,0.0,0.0,-10.577562999999998
2867,29.51221,5.374099,3.14983,54.48906,0.0,9.666101e-06,18.97577,7.892416,18.95258,39.93119,6.987496,0.08858709,-4.042686,12.35555,-39.26389,17.8292,14.32966,2.711661,-34.7509,26.97768,0.0,0.0,-10.284552999999999
2900,31.26568,4.17062,3.323134,56.88914,0.0,-3.596048e-06,17.30208,5.545343,16.78667,38.42234,7.367295,0.02415936,-3.518418,11.9819,-39.18684,17.32439,14.69081,2.334059,-34.86311,26.59035,0.0,0.0,-9.551748
2933,31.75387,3.32212,3.474967,56.82505,0.0,2.723625e-07,16.20441,3.535902,15.04923,36.96071,7.548992,-0.03401878,-2.849981,11.85423,-39.45557,16.70644,15.59556,1.57147,-34.34036,26.08934,0.0,0.0,-8.631082
2967,31.225,2.678528,3.363306,54.8193,0.0,4.807589e-06,15.718,1.79784,13.7229,35.68578,7.563328,-0.06130554,-2.09387,11.8691,-39.71806,16.06667,16.90589,0.5043544,-33.0828,25.55999,0.0,0.0,-7.797171999999998
3000,29.70867,2.155699,2.905623,50.95675,0.0,-4.916078e-06,15.87733,0.3679583,12.67183,34.83125,7.47357,-0.06368066,-1.508958,12.06983,-40.2366,15.40515,18.36642,-0.5478694,-31.82779,25.05854,0.0,0.0,-7.237534999999999
3033,27.70874,1.767681,2.228092,46.05627,0.0,-4.516556e-06,16.5363,-0.602708,11.86661,34.36023,7.291646,-0.03945811,-1.33662,12.51734,-41.38551,14.7415,19.68763,-1.255074,-31.47237,24.59297,0.0,0.0,-6.967242000000001
3067,24.83506,1.158236,1.72181,40.69515,0.309643,-0.3631074,17.1753,-1.089546,11.38918,33.88859,7.111823,0.01993864,-1.531868,13.10949,-42.88498,14.18751,20.63273,-1.528287,-32.11297,24.19289,0.0,0.0,-6.847247000000001
3100,21.78551,0.3282838,1.460855,36.27039,1.173865,-1.127269,17.62649,-1.332575,11.26712,33.23922,6.936952,0.02028577,-1.839411,13.63531,-44.06228,13.84088,21.12566,-1.530718,-33.02944,23.88496,0.0,0.0,-6.691253
3133,19.30299,-0.3774933,1.339983,33.20631,2.246638,-1.976743,17.69103,-1.610377,11.28303,32.32473,6.836355,-0.01042835,-2.068857,13.93581,-44.51117,13.72253,21.22301,-1.452392,-33.53876,23.68386,0.0,0.0,-6.3816679999999995
3167,17.6614,-0.4885508,1.270878,31.53195,3.375218,-2.464423,17.02291,-2.113771,11.12789,31.13016,6.912848,-0.01170747,-2.125044,13.90232,-44.04295,13.86519,20.95,-1.332367,-33.42888,23.6905,0.0,0.0,-5.944324999999999
3200,16.11298,-0.007794925,1.188609,30.41953,4.504152,-2.51262,15.51413,-2.85911,10.55825,29.84559,7.151737,0.03087403,-1.995471,13.532,-42.72092,14.30021,20.32972,-1.113466,-32.85953,24.01369,0.0,0.0,-5.497496
3233,13.98733,0.4609754,1.094679,29.22212,5.769083,-2.51231,13.55625,-3.580122,9.92668,28.72872,7.465058,0.08744023,-1.843662,13.1166,-41.3805,14.89234,19.58471,-0.7815963,-32.33408,24.52021,0.0,0.0,-5.090043000000001
3267,12.12075,0.7230214,0.9571576,28.11019,6.779572,-2.479701,11.92693,-4.066585,9.293627,27.88367,7.728804,0.1429068,-1.844617,13.03356,-41.11796,15.36439,19.06318,-0.4111691,-32.35998,24.87068,0.0,0.0,-4.674398
3300,11.03601,0.8807622,1.457905,27.24164,7.364685,-2.444257,11.04511,-4.28474,8.736779,27.29501,7.925978,0.1925035,-2.114426,13.41333,-42.22515,15.58642,18.87808,-0.09891172,-32.95562,24.85239,0.0,0.0,-4.238088000000001
3333,10.77527,0.9078168,1.898058,26.87908,7.605349,-2.430888,10.81309,-4.324212,8.373696,26.92435,7.981779,0.2386118,-2.739526,14.1075,-44.13076,15.67377,18.80101,0.1341704,-33.78383,24.51892,0.0,0.0,-3.8265499999999992
3367,11.0087,0.7849191,1.688064,26.99339,7.675702,-2.436352,10.92555,-4.262142,8.262535,26.76512,7.940601,0.2723419,-3.595047,14.869,-46.0577,15.78405,18.61391,0.3403488,-34.63003,24.06554,0.0,0.0,-3.4497100000000014
3400,11.473,0.5723085,1.227964,27.24578,7.627894,-2.45495,11.21533,-4.118036,8.342309,26.65329,7.842175,0.2892134,-4.307708,15.51441,-47.49068,15.95985,18.42124,0.5252593,-35.44332,23.70201,0.0,0.0,-3.1040899999999993
3433,11.99912,0.3164921,0.8545501,27.31719,7.481573,-2.479485,11.59845,-3.921125,8.44971,26.42954,7.706553,0.3027186,-4.542605,15.9376,-48.2495,16.13219,18.48372,0.6283845,-36.10203,23.53923,0.0,0.0,-2.8374799999999993
3467,12.44915,0.07747851,0.7244276,27.09612,7.301782,-2.499143,11.98665,-3.724231,8.460881,26.07334,7.56626,0.325481,-4.281074,16.12254,-48.45977,16.19299,18.87401,0.6148488,-36.4744,23.49852,0.0,0.0,-2.661809999999999
3500,12.73876,-0.07070592,0.7898148,26.73566,7.175944,-2.510388,12.24315,-3.609061,8.356561,25.63003,7.464033,0.3554872,-3.743242,16.10681,-48.3062,16.11036,19.3989,0.5008504,-36.57547,23.45797,0.0,0.0,-2.5190699999999993
3533,12.81752,-0.072184,0.8681804,26.60159,7.217381,-2.511444,12.24683,-3.643794,8.163275,25.32303,7.45601,0.3883516,-3.157961,15.89298,-47.78827,15.99476,19.76657,0.354982,-36.54669,23.44795,0.0,0.0,-2.41033
3567,12.66916,0.02569396,0.7783349,26.8927,7.467161,-2.498838,11.99904,-3.786493,7.951397,25.39149,7.567764,0.4231447,-2.716493,15.53734,-46.97406,15.97519,19.77652,0.2954137,-36.6195,23.51731,0.0,0.0,-2.3907799999999995
3600,12.24028,0.11553,0.4801054,27.2935,7.788833,-2.461368,11.49439,-3.938814,7.804289,25.61655,7.701636,0.4511413,-2.53165,15.1806,-46.16125,16.05139,19.40776,0.4025119,-36.92088,23.5804,0.0,0.0,-2.4474400000000003
3633,11.57013,0.1260243,0.1370561,27.30373,7.902614,-2.423543,10.76969,-4.028244,7.724562,25.49549,7.649168,0.4759766,-2.581719,14.92538,-45.65341,16.11329,18.81665,0.6364292,-37.26858,23.51776,0.0,0.0,-2.4981299999999997
3667,11.13951,0.07200043,0.02797646,27.25543,7.925433,-2.416032,10.24277,-4.013021,7.695926,25.24628,7.624703,0.4934028,-2.802048,14.83939,-45.688,16.03144,18.25764,0.8760335,-37.43424,23.27503,0.0,0.0,-2.4482
3700,11.20261,-0.00216252,0.2690692,27.28319,7.888543,-2.451308,10.07021,-3.915092,7.739082,24.81847,7.695543,0.5019521,-3.128502,14.95743,-46.29885,15.7825,17.90744,1.026029,-37.45635,22.91653,0.0,0.0,-2.2394499999999997
3733,11.47477,-0.06913162,0.7102429,26.96892,7.533197,-2.520937,9.9327,-3.811414,7.896103,23.71611,7.505953,0.5045633,-3.461814,15.19445,-47.10427,15.50861,17.7534,1.074654,-37.48682,22.62505,0.0,0.0,-1.901959999999999
3767,11.76115,-0.1356376,1.047545,26.58572,7.080474,-2.597626,9.768754,-3.724487,8.178966,22.46159,7.164371,0.5023143,-3.665915,15.36553,-47.56275,15.35385,17.68516,1.068079,-37.5564,22.5442,0.0,0.0,-1.53233
3800,12.00605,-0.2215054,1.124135,26.48513,6.854292,-2.648823,9.741524,-3.623784,8.516545,21.83098,6.97519,0.4909081,-3.625473,15.32942,-47.39785,15.31669,17.61092,1.0752,-37.61923,22.65822,0.0,0.0,-1.2258300000000002
3833,12.10661,-0.3349951,1.000538,26.53364,6.885811,-2.671337,9.828494,-3.495484,8.827504,21.84856,6.988591,0.4637528,-3.324017,15.05288,-46.61154,15.32213,17.4265,1.182998,-37.70566,22.8608,0.0,0.0,-1.0414399999999997
3867,12.10312,-0.4516929,0.8425589,26.63379,7.052464,-2.698009,9.961071,-3.350807,9.116261,22.21286,7.115436,0.4128549,-2.878276,14.59124,-45.3287,15.35007,17.03535,1.436677,-37.85147,23.07215,0.0,0.0,-0.9937199999999997
3900,12.05946,-0.5250635,0.751474,26.82048,7.224826,-2.755176,10.0216,-3.23713,9.393646,22.61001,7.257014,0.3433522,-2.476465,14.06272,-43.73523,15.46428,16.492,1.735396,-37.88442,23.2897,0.0,0.0,-1.0690500000000007
3933,12.01511,-0.5366831,0.6844273,27.14178,7.321908,-2.830339,9.947598,-3.196471,9.598372,22.89078,7.34748,0.281982,-2.245853,13.59909,-42.06815,15.73314,15.98525,1.909161,-37.57513,23.55498,0.0,0.0,-1.2546499999999998
3967,11.98071,-0.5303487,0.5348573,27.5188,7.333502,-2.885589,9.783336,-3.211154,9.675017,23.03788,7.370117,0.2609595,-2.180232,13.29498,-40.63812,16.13343,15.67607,1.88917,-36.95818,23.87523,0.0,0.0,-1.5083599999999997
4000,11.99828,-0.5598874,0.3064671,27.78691,7.269656,-2.897245,9.641737,-3.219268,9.705633,23.01743,7.321827,0.2784387,-2.215318,13.19931,-39.78733,16.54526,15.61944,1.729975,-36.28763,24.1908,0.0,0.0,-1.7080400000000004
4033,12.12468,-0.6302387,0.1557664,27.84446,7.12618,-2.893972,9.598885,-3.171208,9.864758,22.76205,7.194811,0.3048294,-2.347771,13.30897,-39.67334,16.83795,15.71639,1.554441,-35.84325,24.4189,0.0,0.0,-1.7288099999999993
4067,12.31353,-0.7055575,0.1897456,27.71672,6.933049,-2.913643,9.608832,-3.080631,10.19765,22.29813,7.013135,0.312084,-2.603312,13.5608,-40.12124,16.95749,15.78659,1.482925,-35.80156,24.51168,0.0,0.0,-1.5729799999999994
4100,12.51408,-0.7994313,0.3000144,27.50012,6.707446,-2.962626,9.641797,-2.965708,10.55212,21.76501,6.809881,0.3019662,-2.917993,13.88216,-40.83949,16.93044,15.8043,1.529567,-36.1274,24.47209,0.0,0.0,-1.3452400000000004
4133,12.75642,-0.9551299,0.2762456,27.2793,6.450994,-3.008624,9.726356,-2.833747,10.77894,21.24322,6.611354,0.2877463,-3.148462,14.21992,-41.62029,16.82368,15.90208,1.602666,-36.59953,24.35151,0.0,0.0,-1.131920000000001
4167,13.08517,-1.136257,0.08392937,27.16323,6.211135,-3.022196,9.902541,-2.716405,10.84175,20.83333,6.443725,0.2893195,-3.183769,14.50066,-42.25256,16.71555,16.1195,1.614346,-36.98505,24.23311,0.0,0.0,-0.9605800000000002
4200,13.39037,-1.225089,-0.08622923,27.24072,6.099694,-3.010383,10.11153,-2.680284,10.72378,20.71958,6.359185,0.3162055,-3.037316,14.66072,-42.53448,16.67568,16.32362,1.571096,-37.21616,24.19202,0.0,0.0,-0.8386800000000001
4233,13.44086,-1.151341,-0.07912937,27.45669,6.200426,-2.991382,10.16783,-2.767725,10.42511,20.93058,6.408237,0.3528824,-2.851698,14.7154,-42.44249,16.741,16.36642,1.544464,-37.39342,24.25918,0.0,0.0,-0.7755399999999995
4267,13.17445,-0.9914282,0.03426402,27.65216,6.440498,-2.978629,9.980479,-2.92045,10.08346,21.25473,6.551344,0.3786674,-2.764846,14.72148,-42.13835,16.88549,16.23961,1.572341,-37.5812,24.39112,0.0,0.0,-0.7596099999999986
4300,12.77241,-0.872344,0.09691329,27.73493,6.689968,-2.969665,9.665503,-3.034669,9.904031,21.48265,6.715423,0.3774083,-2.785232,14.70634,-41.80233,17.03446,16.06951,1.606447,-37.67609,24.49238,0.0,0.0,-0.7550100000000004
4333,12.55531,-0.8493433,0.06255726,27.74516,6.846218,-2.969176,9.512646,-3.053213,9.948289,21.60176,6.816156,0.3545338,-2.833656,14.68231,-41.55056,17.10467,15.97499,1.590039,-37.60613,24.48911,0.0,0.0,-0.730500000000001
4367,12.69588,-0.8822699,0.0,27.7561,6.88658,-2.968489,9.667293,-3.014274,10.10221,21.63537,6.811061,0.3362092,-2.848195,14.67565,-41.43561,17.04915,15.97571,1.533145,-37.47875,24.37551,0.0,0.0,-0.689680000000001
4400,13.1522,-0.9356542,-0.1607126,27.84115,6.82938,-2.95627,10.07419,-2.968584,10.2362,21.63527,6.7238,0.3470463,-2.829439,14.69767,-41.37684,16.93292,16.03485,1.468737,-37.32853,24.20903,0.0,0.0,-0.6897599999999997
4433,13.71625,-0.9989569,-0.4622481,28.04087,6.757841,-2.926094,10.58474,-2.941833,10.28394,21.75346,6.649243,0.3742287,-2.804911,14.70466,-41.1574,16.90011,16.10984,1.398997,-36.97776,24.0555,0.0,0.0,-0.7991399999999995
4467,14.18427,-1.057406,-0.8780415,28.33697,6.759175,-2.885724,11.07857,-2.946082,10.16425,22.11969,6.663355,0.4024633,-2.757118,14.63984,-40.65301,17.02143,16.18032,1.310002,-36.33165,23.94043,0.0,0.0,-1.0137799999999988
4500,14.5114,-1.036764,-0.9354453,28.6793,6.840342,-2.843314,11.50354,-2.976779,9.845045,22.66352,6.759349,0.4378046,-2.63693,14.52837,-40.03564,17.25599,16.29111,1.191733,-35.55061,23.87042,0.0,0.0,-1.2442499999999992
4533,14.76916,-1.058921,-1.042865,29.01703,6.900977,-2.793874,11.85952,-2.983936,9.499247,23.1936,6.878087,0.4802042,-2.417756,14.45758,-39.57441,17.54976,16.52942,1.031924,-34.82355,23.88525,0.0,0.0,-1.3957699999999988
4567,15.00134,-1.152636,-1.189103,29.28728,6.889371,-2.748307,12.16854,-2.907389,9.369869,23.6169,6.972545,0.5114085,-2.10152,14.46958,-39.30161,17.8879,16.91347,0.8348597,-34.16922,24.05166,0.0,0.02797646,-1.44712
4600,15.1688,-1.284685,-1.302361,29.45113,6.832108,-2.723632,12.40685,-2.755826,9.516323,23.9304,7.029898,0.5143855,-1.730992,14.529,-39.07111,18.24193,17.33212,0.6388841,-33.54394,24.368,0.0,0.0,-1.4437300000000004
4633,15.23351,-1.396396,-1.321602,29.51235,6.7608,-2.726263,12.52328,-2.593938,9.811673,24.11021,7.046063,0.4909919,-1.386492,14.57289,-38.82436,18.53541,17.62258,0.5047422,-33.01188,24.71147,0.0,0.0,-1.4455899999999993
4667,15.21424,-1.457198,-1.240647,29.48881,6.670504,-2.751245,12.50273,-2.484639,10.04988,24.10239,7.018447,0.460156,-1.134014,14.59016,-38.6995,18.69507,17.71648,0.4714689,-32.70634,24.91387,0.0,0.0,-1.4848600000000012
4700,15.20317,-1.466872,-1.03854,29.38108,6.531108,-2.796925,12.42672,-2.453842,10.04876,23.87749,6.938648,0.4362028,-1.039105,14.68167,-39.02295,18.68646,17.69735,0.5207698,-32.72855,24.84343,0.0,0.0,-1.5203299999999995
4733,15.32244,-1.43159,-0.6546168,29.19383,6.318449,-2.871871,12.41516,-2.486347,9.796532,23.43133,6.798523,0.4100442,-1.230829,15.00267,-40.10052,18.52081,17.68578,0.6013339,-33.11907,24.45717,0.0,0.0,-1.4509000000000007
4767,15.6462,-1.364343,-0.1008706,29.01727,6.062362,-2.98142,12.55085,-2.537116,9.472016,22.87659,6.628832,0.3674759,-1.821664,15.59855,-41.80399,18.29417,17.68981,0.6783969,-33.80695,23.87912,0.0,0.0,-1.23189
4800,16.09712,-1.283705,0.4489339,28.9522,5.847508,-3.098974,12.82451,-2.577246,9.259051,22.45599,6.486732,0.3081928,-2.703564,16.28057,-43.43826,18.15832,17.60015,0.7561465,-34.56514,23.36036,0.0,0.0,-0.9418100000000003
4833,16.4865,-1.204657,0.798684,29.01216,5.766534,-3.179922,13.14873,-2.611313,9.168169,22.38053,6.425105,0.2515554,-3.537399,16.73985,-44.29142,18.18141,17.3418,0.829923,-35.10155,23.06519,0.0,0.0,-0.6975899999999999
4867,16.691,-1.131791,0.8983104,29.13443,5.83311,-3.202562,13.42934,-2.658799,9.086987,22.64056,6.442903,0.212651,-4.027009,16.8318,-44.234,18.30566,16.98646,0.8677295,-35.23593,22.9669,0.0,0.0,-0.5621299999999998
4900,16.71183,-1.074937,0.8413968,29.26094,5.986022,-3.186021,13.61656,-2.713003,8.957628,23.08256,6.515266,0.1925563,-4.111804,16.63279,-43.61025,18.45456,16.66134,0.8659236,-34.97789,22.9653,0.0,0.0,-0.5567999999999991
4933,16.63413,-1.057477,0.7407211,29.35108,6.112568,-3.167045,13.69959,-2.735499,8.859758,23.49186,6.601648,0.1803349,-3.957651,16.31605,-42.89283,18.59904,16.44477,0.8591176,-34.4739,22.99105,0.0,0.0,-0.6781100000000002
4967,16.5843,-1.086688,0.6537194,29.42737,6.131813,-3.167243,13.72398,-2.697912,8.922423,23.74313,6.671062,0.1649961,-3.802615,16.03877,-42.42863,18.7283,16.37121,0.8504184,-33.88907,23.01117,0.0,0.0,-0.8724099999999986
5000,16.59689,-1.113168,0.6081289,29.53053,6.089723,-3.171747,13.73932,-2.641842,9.115162,23.88977,6.722342,0.1572645,-3.729932,15.84392,-42.22176,18.83031,16.4257,0.8091505,-33.35338,23.03431,0.0,0.0,-1.03627
5033,16.5775,-1.055495,0.6348901,29.63589,6.125415,-3.141919,13.73456,-2.672586,9.16283,24.03118,6.779977,0.1801616,-3.64024,15.69181,-42.06384,18.88643,16.53338,0.7404569,-33.02414,23.09596,0.0,0.0,-1.065949999999999
5067,16.40829,-0.8861644,0.7504317,29.67757,6.328866,-3.064394,13.65655,-2.844748,8.847266,24.20287,6.8665,0.2413387,-3.475531,15.56427,-41.87648,18.87294,16.5963,0.6966124,-32.99688,23.19103,0.0,0.0,-0.9303900000000009
5100,16.07845,-0.6488062,0.9485323,29.67999,6.684278,-2.960737,13.51464,-3.088751,8.349767,24.4894,6.998884,0.3130093,-3.396094,15.49911,-41.81196,18.79807,16.55722,0.7016503,-33.13428,23.25136,0.0,0.0,-0.6869899999999998
5133,15.71108,-0.423219,1.207069,29.73191,7.095834,-2.871861,13.41282,-3.268218,8.064847,24.98085,7.171706,0.3599492,-3.633996,15.5483,-42.06074,18.7176,16.43652,0.7306137,-33.24352,23.21922,0.0,0.0,-0.42588000000000115
5167,15.44052,-0.2699244,1.462596,29.82683,7.432076,-2.819115,13.39729,-3.314041,8.184173,25.52808,7.336042,0.3617771,-4.176639,15.70101,-42.58001,18.68355,16.30099,0.7628451,-33.33537,23.11909,0.0,0.0,-0.22123000000000026
5200,15.28638,-0.196489,1.638769,29.87897,7.613318,-2.79927,13.38568,-3.265588,8.582405,25.8541,7.448559,0.3356721,-4.73015,15.8555,-43.07144,18.69207,16.1949,0.8120472,-33.53625,23.04109,0.0,0.0,-0.11763000000000012
5233,15.13632,-0.1580713,1.725784,29.82721,7.658911,-2.801546,13.24635,-3.219828,8.997263,25.84628,7.500853,0.3155882,-5.03431,15.90843,-43.2718,18.70246,16.09435,0.9115012,-33.90271,23.04985,0.0,0.0,-0.1334900000000001
5267,14.88414,-0.1079152,1.784106,29.68704,7.66219,-2.81217,12.93921,-3.231491,9.266944,25.6282,7.527125,0.3112692,-5.124379,15.88835,-43.25518,18.69609,15.96403,1.072649,-34.36166,23.11174,0.0,0.0,-0.24782000000000082
5300,14.58426,-0.0483723,1.870639,29.51015,7.680789,-2.816272,12.59236,-3.268833,9.421789,25.38533,7.554423,0.3124798,-5.209174,15.93363,-43.35176,18.69745,15.87131,1.225571,-34.69359,23.13863,0.0,0.0,-0.3883100000000006
5333,14.39808,-0.00617363,1.976056,29.39698,7.734364,-2.801478,12.41373,-3.274582,9.56123,25.30414,7.601245,0.3164801,-5.353317,16.10221,-43.69498,18.73271,15.94976,1.255697,-34.68531,23.09858,0.0,0.0,-0.4785199999999996
5367,14.36041,0.01920071,2.037112,29.40964,7.836366,-2.762174,12.45307,-3.248868,9.708996,25.4729,7.669589,0.3263011,-5.445789,16.30894,-44.08724,18.7914,16.21163,1.139351,-34.4057,23.03761,0.0,0.0,-0.4909599999999994
5400,14.29331,0.04879784,2.009934,29.39751,7.903732,-2.705715,12.50073,-3.247508,9.807103,25.67362,7.648936,0.345805,-5.436245,16.45901,-44.35748,18.84945,16.4852,0.9881397,-34.17597,23.01207,0.0,0.0,-0.43815000000000026
5433,14.092,0.1001351,1.916528,29.35139,7.928033,-2.642417,12.39788,-3.303271,9.795428,25.79416,7.547537,0.3749467,-5.413414,16.54111,-44.55853,18.90686,16.59123,0.9215358,-34.21882,23.04388,0.0,0.0,-0.34853999999999985
5467,13.85717,0.16795,1.823382,29.41485,7.969472,-2.591232,12.20941,-3.395978,9.65663,25.91961,7.479318,0.405079,-5.466764,16.60781,-44.83525,18.98674,16.54203,0.9431533,-34.44794,23.12053,0.0,0.0,-0.2581799999999994
5500,13.71564,0.2396156,1.773765,29.58583,8.021523,-2.574779,12.04451,-3.503532,9.425753,26.02462,7.468475,0.4200743,-5.613948,16.72423,-45.27257,19.11395,16.50275,0.9638805,-34.62742,23.21466,0.0,0.0,-0.19730999999999987
5533,13.78994,0.3149316,1.769235,29.87349,8.070832,-2.605942,12.00229,-3.609784,9.213625,26.08103,7.509611,0.4118006,-5.835596,16.90892,-45.84214,19.29205,16.5761,0.9289381,-34.6635,23.31822,0.0,0.0,-0.15775000000000006
5567,14.13775,0.4102657,1.813049,30.30248,8.101956,-2.67454,12.10236,-3.698451,9.215096,26.0405,7.580408,0.3880497,-6.123367,17.12924,-46.4678,19.50435,16.69715,0.8782644,-34.67216,23.46082,0.0,0.0,-0.06312999999999924
5600,14.81574,0.538072,1.925188,30.95321,8.10014,-2.764621,12.40613,-3.723397,9.683792,25.99424,7.649655,0.3632557,-6.51334,17.37919,-47.14684,19.74856,16.73674,0.8842595,-34.83441,23.68611,0.0,0.0,0.17069000000000045
5633,15.92086,0.6635907,2.114055,31.88914,7.948088,-2.893048,13.11264,-3.556736,10.98279,26.23682,7.585946,0.3412946,-7.047622,17.7115,-47.89808,20.07234,16.65686,0.9751828,-35.23499,24.01865,0.0,0.0,0.5028000000000006
5667,17.75553,0.7420086,2.413949,33.72073,7.758281,-3.107148,14.7436,-2.85615,13.87687,27.9326,7.529445,0.2931007,-7.731165,18.15956,-48.63125,20.57172,16.49362,1.125527,-35.7652,24.47172,0.0,0.0,0.7763500000000008
5700,20.44436,0.7692662,2.874533,36.89516,7.587446,-3.461501,17.47008,-1.226157,18.64601,31.86159,7.389686,0.1700055,-8.56424,18.69148,-49.25532,21.29165,16.25395,1.302061,-36.22129,25.08084,0.0,0.0,0.9340499999999992
5733,23.22078,0.7870498,3.41237,40.37743,7.210664,-3.948068,20.39579,0.8028938,22.81985,36.57722,6.529156,-0.04562512,-9.494817,19.22147,-49.7765,22.07276,15.99693,1.458308,-36.50001,25.88323,0.0,0.0,1.1677799999999987
5767,25.04812,0.8444495,3.913666,42.73335,6.834633,-4.522949,23.78761,3.195715,25.47304,41.05702,4.391908,-0.2622443,-10.32083,19.58801,-50.15047,22.55818,15.91036,1.502199,-36.62173,26.82137,0.0,0.0,1.8144399999999994
5800,25.16067,0.9270309,4.395786,42.70713,6.649302,-5.150128,25.77318,5.027814,26.57587,42.68689,1.623412,-0.3111058,-10.83968,19.66316,-50.32613,22.46082,16.11892,1.379985,-36.71719,27.68547,0.0,0.0,3.102170000000001
5833,24.1091,1.209422,4.833389,40.73715,6.57104,-5.555652,27.35573,6.791408,26.44373,43.84583,0.1701742,-0.1083609,-11.13257,19.57865,-50.45844,21.87457,16.48256,1.180846,-36.96573,28.22511,0.0,0.0,4.902749999999999
5867,23.63462,2.145494,5.23233,39.00502,6.449717,-5.353976,27.04149,7.558349,26.00901,42.91739,0.0,4.670947e-06,-11.542,19.7102,-50.82535,21.22229,16.73956,1.047919,-37.38723,28.31657,0.0,0.0,6.728816999999999
5900,24.13717,3.387078,5.958352,38.37576,6.28288,-5.078443,25.96282,8.202989,25.74094,40.65798,0.0,-4.064566e-06,-12.32147,20.37942,-51.48929,20.87728,16.81021,1.030976,-37.78618,28.02021,0.0,0.0,8.077936000000001
5933,25.27892,4.734532,6.73435,38.7359,6.180252,-4.878294,24.99353,9.434855,25.68205,38.28538,0.0,-1.029963e-05,-13.2687,21.49806,-52.0349,20.97009,16.81119,1.087685,-37.81315,27.59743,0.0,0.0,8.705835
5967,26.35275,5.851168,6.902426,39.43116,6.197453,-4.727446,24.42372,11.27057,25.5555,36.35659,0.0,-6.156719e-06,-13.67811,22.48182,-51.78048,21.43959,16.88106,1.127612,-37.0126,27.42985,0.0,0.0,8.557796
6000,27.04886,6.481368,6.146439,40.17384,6.315748,-4.569525,24.45886,13.49809,25.0254,35.41936,0.0,-1.000936e-05,-12.97108,22.80275,-50.47601,22.11806,17.12823,1.051647,-35.21598,27.76048,0.0,0.0,7.71261
6033,27.5666,6.671794,4.699405,41.07298,6.439767,-4.350157,25.32448,15.90407,24.0893,35.96836,0.0,-2.371137e-07,-11.38873,22.54692,-48.61083,22.83873,17.59121,0.8492672,-32.94774,28.52213,0.0,0.0,6.476318999999998
6067,28.17932,6.683863,3.074598,42.30465,6.485916,-4.07379,27.23047,18.31462,22.89573,38.19511,0.0,2.341845e-06,-9.747275,22.17565,-46.95388,23.47298,18.19484,0.5931431,-30.97072,29.42579,0.0,0.0,5.26501
6100,28.95233,6.764146,1.587453,43.97398,6.434559,-3.805625,30.21591,20.59648,21.38718,41.89055,0.0,5.594829e-06,-8.680753,22.03945,-45.96097,23.92198,18.79409,0.3527702,-29.58692,30.16835,0.0,0.0,4.29077
6133,29.81534,7.013839,0.1119058,45.98831,6.298931,-3.547057,33.66553,22.59422,19.59109,46.12733,0.0,1.115122e-05,-8.240524,22.20382,-45.60934,24.19591,19.23368,0.2074791,-28.68844,30.5578,0.0,0.0,3.464179999999999
6167,30.6716,7.343505,-1.628587,47.98047,6.079799,-3.27074,36.30224,24.09217,17.91757,49.48072,0.0,3.661842e-06,-8.116241,22.55411,-45.64586,24.4499,19.38846,0.2406627,-28.17835,30.53528,0.0,0.0,2.5824800000000003
6200,31.54071,7.635487,-3.715783,49.63729,5.752684,-2.938008,37.15401,24.90893,16.84523,50.98631,0.0,1.663229e-05,-8.041469,22.93294,-45.8446,24.79844,19.2247,0.4743652,-28.15834,30.18347,0.0,0.0,1.59741
6233,32.55344,7.84649,-5.993189,50.87287,5.254714,-2.492241,36.1815,24.94763,16.56494,50.41279,0.0,1.074684e-05,-7.861299,23.17306,-46.0229,25.12818,18.84657,0.8520276,-28.81957,29.70793,0.0,0.0,0.7207399999999993
6267,33.75849,8.011016,-8.119844,51.86724,4.599342,-1.954921,34.25291,24.39324,16.89598,48.52782,0.0,7.432139e-06,-7.520839,23.21236,-46.00906,25.30853,18.41017,1.295129,-30.10441,29.36366,0.0,0.0,0.17159999999999975
6300,35.05047,8.261172,-9.687101,52.96575,3.821415,-1.48969,32.82616,23.88463,17.46527,47.46819,0.0,-8.791891e-06,-7.18436,23.20874,-45.73071,25.51218,17.95214,1.770894,-31.62368,29.34703,0.0,0.0,-0.12809999999999988
6333,35.88945,8.746596,-10.40129,54.37036,3.319715,-1.340055,30.59451,23.32089,18.91422,47.15163,0.2121421,0.008759371,-7.088227,23.31711,-45.26294,26.00834,17.35749,2.330366,-33.14804,29.68525,0.0,0.0,-0.44143000000000043
6367,36.54285,9.517799,-10.59022,56.09586,2.999113,-1.394416,26.59898,22.23796,21.30795,46.71992,0.8091505,0.06658699,-7.234242,23.44199,-44.72157,26.75575,16.5209,3.027956,-34.78183,30.24732,0.0,0.0,-0.8618100000000002
6400,37.14787,10.47444,-10.70635,57.66887,2.713753,-1.472096,23.64638,21.2681,23.12159,47.69203,1.733929,0.2059301,-7.327157,23.34387,-44.05253,27.46026,15.50117,3.772163,-36.44675,30.90599,0.0,0.0,-1.1895500000000006
6433,37.52583,11.42577,-10.93061,58.68363,2.59435,-1.51814,23.12957,20.88222,23.66154,50.6305,3.443498,0.3815262,-7.074598,22.87213,-43.07676,27.84941,14.48166,4.364351,-37.7766,31.58475,-0.01978234,0.0,-1.1528899999999993
6467,37.69468,12.27544,-11.16282,59.08646,2.65616,-1.516433,25.17899,21.12916,22.92442,54.90378,5.694022,0.4581944,-6.683456,22.17675,-41.97112,27.82996,13.60763,4.730813,-38.63208,32.14181,0.0,0.0,-0.7402700000000006
6500,37.71757,13.10479,-11.09173,59.02232,2.821749,-1.501281,26.67209,20.96435,22.12295,57.71045,8.196614,0.4359702,-6.793762,21.66037,-41.36734,27.57651,12.9307,4.966291,-39.21258,32.43652,0.0,0.0,-0.25449000000000055
6533,37.32911,14.02042,-10.46559,58.12684,2.753139,-1.528578,27.69683,20.58893,21.32958,59.57563,10.42547,0.3251803,-7.774708,21.5675,-41.67712,27.36853,12.47503,5.140756,-39.66531,32.53756,0.0,0.0,0.005990000000000606
6567,34.58803,15.04786,-8.790888,52.91816,0.733287,-1.810812,26.89601,19.37994,21.06865,57.72793,10.82178,0.03554757,-9.351392,21.72245,-42.57605,27.27368,12.24972,5.215827,-39.91158,32.65222,0.0,0.0,0.08352000000000004
6600,28.96554,16.03536,-6.083281,42.87821,-3.217958,-2.254353,24.28369,17.35799,21.08801,52.29686,9.982883,-0.3068971,-10.81987,21.69579,-43.27507,27.12359,12.18981,5.107528,-39.7687,32.87117,0.0,0.0,0.3711000000000002
6633,20.58386,16.91023,-2.449125,28.71791,-8.529678,-2.540131,20.53865,14.87526,20.94681,44.77034,9.025042,-0.6113118,-11.50042,21.17645,-43.13756,26.74431,12.16836,4.766209,-39.11042,33.14162,0.0,0.0,1.266300000000001
6667,14.92065,18.22863,0.5640592,21.5785,-9.520103,-1.853635,16.28872,12.32138,20.51226,36.31554,8.062851,-0.8865852,-11.40565,20.34695,-42.25152,26.18094,12.07091,4.260023,-38.03637,33.41349,0.0,0.0,2.783289999999999
6700,16.25089,19.67222,1.458174,26.75629,-5.304927,-0.9468625,12.51344,10.22637,19.7784,28.97383,7.231448,-1.088902,-11.42148,19.80805,-41.50363,25.69849,11.7789,3.787755,-36.9239,33.68784,0.0,0.0,4.600480000000001
6733,20.17953,21.23484,1.123787,36.08337,0.0,-1.474522e-05,10.38914,8.651789,17.67159,24.66439,6.731175,-1.302405,-12.35923,19.93738,-41.74402,25.46554,11.18741,3.544753,-36.23183,33.96067,0.0,0.0,6.458042000000001
6767,19.93686,21.84599,2.429064,36.74813,0.0,1.366819e-05,10.13817,7.811234,16.26932,23.69907,6.601559,-1.648133,-14.0694,20.53311,-42.93919,25.35691,10.38671,3.554791,-36.2065,34.1738,0.0,0.0,8.25847
6800,20.46576,22.5127,3.405651,38.3631,0.0,1.807165e-05,10.90445,7.281746,15.1376,24.70475,6.658969,-1.965874,-15.67894,21.1011,-44.42742,25.10427,9.727305,3.643896,-36.73458,34.24512,0.0,0.0,9.827359
6833,21.60934,23.10058,3.895259,40.30922,0.0,-1.614433e-05,11.95693,6.668315,13.80714,26.45702,6.814689,-2.227946,-16.3708,21.27084,-45.5504,24.55064,9.575385,3.594393,-37.47493,34.16244,0.0,0.0,10.863633
6867,23.08003,23.4696,3.858285,42.00006,0.0,-6.380193e-07,13.0334,5.875628,12.35657,28.13951,6.937178,-2.437949,-15.92135,21.01091,-45.94709,23.80783,9.998847,3.345388,-38.13113,33.9883,0.0,0.0,11.202210999999998
6900,24.498,23.61347,3.489922,43.08358,0.0,8.357421e-06,14.07389,5.012315,10.98548,29.42014,6.977748,-2.576219,-14.79481,20.60885,-45.69701,23.15467,10.70201,3.017334,-38.60643,33.76635,0.0,0.0,11.071560999999999
6933,25.50769,23.65273,3.097751,43.501,0.0,3.148134e-06,15.00792,4.218461,9.813437,30.52298,7.025906,-2.648077,-13.59513,20.29502,-45.12661,22.74029,11.29222,2.742668,-38.93927,33.5285,0.0,0.0,10.880669999999999
6967,26.03957,23.64621,2.776292,43.47538,0.0,1.810978e-05,15.8027,3.608402,9.051802,31.86554,7.191048,-2.712689,-12.37249,19.94501,-44.29413,22.54418,11.62885,2.555812,-39.13067,33.35888,0.0,0.0,10.612775000000003
7000,26.17409,23.44145,2.286446,43.13989,0.0,9.722236e-06,16.59035,3.301071,8.887543,33.52328,7.413888,-2.779994,-10.78295,19.36174,-42.98862,22.63921,11.84513,2.471718,-39.12032,33.35084,0.0,0.0,9.678747000000001
7033,25.82128,22.80317,1.345521,42.33548,0.0,-4.199178e-06,17.60925,3.37083,9.378842,35.10646,7.429831,-2.845358,-8.757059,18.61825,-41.23516,23.20714,12.11543,2.529407,-38.8607,33.51587,0.0,0.0,7.605339
7067,24.72731,21.66417,0.0,40.83894,0.0,3.708895e-06,19.00773,3.826936,10.52005,36.04555,7.018364,-2.949748,-6.566651,17.96432,-39.45118,24.19004,12.61424,2.650701,-38.29013,33.73505,0.0,0.0,4.689464000000001
7100,22.78158,20.14828,-1.309404,38.64721,0.0,-5.084195e-06,20.78245,4.597576,12.11074,35.92136,6.136159,-3.090545,-4.389366,17.58459,-38.03372,25.20277,13.5381,2.628082,-37.36626,33.81672,0.0,0.0,1.7201400000000007
7133,20.42344,18.45675,-2.00545,36.33572,0.0,-1.692113e-05,22.62322,5.405664,13.73955,34.7058,4.923781,-3.240565,-2.326836,17.50459,-37.15491,25.89194,14.87093,2.348854,-36.15499,33.60785,0.0,0.0,-0.7104599999999994
7167,18.73129,16.83162,-1.353786,35.18382,0.0,3.243042e-06,23.9673,5.876796,14.88895,33.04961,3.793179,-3.352404,-0.7571809,17.57037,-36.93449,26.12466,16.23601,1.902589,-34.80204,33.01974,0.0,0.0,-2.41338
7200,18.85322,15.42885,0.7063754,36.57638,0.0,-9.503773e-06,24.46035,5.783056,15.08485,31.90871,3.160254,-3.369678,-0.199792,17.5177,-37.46915,25.91472,17.1506,1.481077,-33.49136,32.0352,0.0,0.0,-3.445310000000001
7233,21.41673,14.16071,2.83897,41.23274,0.0,1.578623e-05,24.0617,5.099066,14.20881,31.77551,3.240149,-3.272018,-0.7950006,17.19984,-38.70299,25.38178,17.413,1.22605,-32.4269,30.74567,0.0,0.0,-3.9543999999999997
7267,26.30364,12.78917,3.769203,48.80536,0.0,-1.090816e-05,23.10401,3.978276,12.61343,32.38796,3.749671,-3.101197,-2.155404,16.7553,-40.39408,24.68883,17.18832,1.126744,-31.72297,29.31313,0.0,0.0,-4.0432500000000005
7300,32.40083,11.21442,3.743347,57.7034,0.0,8.480282e-07,22.00437,2.642657,10.89836,33.26475,4.38575,-2.930859,-3.783772,16.50205,-42.25775,23.95698,16.75322,1.045676,-31.28384,27.88089,0.0,0.0,-3.6737400000000004
7333,37.64694,9.656011,3.732241,65.09597,0.0,-1.720502e-05,21.08002,1.301394,9.60302,33.89256,4.829496,-2.835151,-5.29228,16.5995,-43.99105,23.22448,16.34283,0.8308656,-30.92485,26.5698,0.0,0.0,-2.78012
7367,40.12687,8.423407,4.109517,68.07768,0.0,-2.550491e-05,20.5119,0.1010899,9.087483,34.103,4.989552,-2.868253,-6.254513,16.81638,-45.16295,22.42519,16.23588,0.4059006,-30.65415,25.53531,0.0,0.0,-1.5185400000000016
7400,39.32763,7.557482,4.569347,65.58664,0.0,-1.761725e-05,20.35171,-0.9385815,9.322575,33.86137,4.8501,-2.99674,-6.389606,16.84803,-45.5653,21.47281,16.6963,-0.20842,-30.62898,24.87856,0.0,0.0,-0.27210999999999963
7433,36.05079,6.912671,4.823895,58.784,0.0,5.549473e-06,20.52349,-1.912862,9.869541,33.11393,4.419294,-3.127488,-5.918808,16.76064,-45.56178,20.41037,17.73599,-0.9080599,-30.84073,24.5396,0.0,0.0,0.6213300000000004
7467,31.35192,6.421249,4.918925,49.67613,0.0,-1.118348e-05,20.70147,-2.857024,10.25158,31.96678,3.957651,-3.158598,-5.264252,16.76312,-45.58915,19.39576,19.05707,-1.540912,-31.08701,24.41179,0.0,0.0,1.08075
7500,24.72331,5.704914,5.321744,38.3201,-0.4252063,-0.2888311,20.31821,-3.674143,10.22762,30.81133,4.011564,-2.963495,-4.610997,16.8116,-45.60493,18.56062,20.23116,-2.001445,-31.16574,24.42184,0.0,0.0,1.27867
7533,18.94032,5.135775,5.870625,29.40822,-0.1607126,-0.6496151,19.73988,-4.361986,9.970445,30.2876,4.482662,-2.709409,-3.954532,16.68724,-45.33552,17.90695,20.9331,-2.257241,-31.05515,24.45617,0.0,0.0,1.4244500000000002
7567,15.69542,4.952644,6.531289,25.41938,1.178856,-0.8878082,19.3661,-4.883757,9.755643,30.57305,5.07277,-2.50414,-3.28074,16.25267,-44.65162,17.3417,21.071,-2.305202,-30.90204,24.38107,0.0,0.0,1.54894
7600,14.68458,5.205172,7.203205,24.97416,2.619951,-0.8372645,19.26597,-5.193697,9.737185,31.34806,5.593279,-2.360681,-2.639304,15.57431,-43.60611,16.82722,20.75377,-2.175559,-30.77744,24.14551,0.0,0.0,1.541640000000001
7633,14.75925,5.520772,7.645908,25.6265,3.342226,-0.6824448,19.39887,-5.289184,9.913596,32.10872,5.881567,-2.258624,-2.144845,14.88291,-42.42091,16.45276,20.19175,-1.940477,-30.63601,23.80575,0.0,0.0,1.3037500000000009
7667,15.28117,5.643419,7.671098,26.4449,3.550217,-0.5827053,19.65661,-5.218598,10.22724,32.50101,5.914535,-2.176516,-1.898058,14.39481,-41.41296,16.33165,19.57601,-1.655285,-30.49825,23.46373,0.0,0.0,0.8309599999999993
7700,15.99056,5.577685,7.318611,27.07383,3.456154,-0.5430081,19.99645,-5.03054,10.65713,32.55535,5.776824,-2.108792,-1.925899,14.14928,-40.78223,16.44995,18.96194,-1.315071,-30.44528,23.17036,0.0,0.0,0.2125199999999996
7733,16.69868,5.391204,6.750581,27.50838,3.381014,-0.5309047,20.4165,-4.777055,11.13231,32.57132,5.620926,-2.056956,-2.242103,14.06584,-40.56832,16.64683,18.28936,-0.8904341,-30.48219,22.86093,0.0,0.0,-0.4205500000000004
7767,17.33826,5.123601,6.090849,27.78833,3.501964,-0.5205458,20.94614,-4.504251,11.47391,32.72963,5.54952,-2.016371,-2.888934,14.16284,-40.84835,16.76991,17.5515,-0.3921704,-30.53536,22.4007,0.0,0.0,-0.9282899999999987
7800,17.97098,4.777085,5.470706,27.83128,3.728934,-0.5207582,21.60892,-4.232979,11.56127,32.86265,5.563029,-1.988837,-3.841297,14.60512,-41.72688,16.83028,16.88916,0.1083524,-30.51298,21.7214,0.0,0.0,-1.1924200000000003
7833,18.69389,4.394441,5.068249,27.60218,3.875452,-0.5465601,22.40172,-3.979917,11.41492,32.75731,5.598497,-1.986272,-4.954522,15.47075,-42.98693,16.98903,16.46036,0.5406791,-30.31783,20.92828,0.0,0.0,-1.1867999999999999
7867,19.5043,4.05379,4.942764,27.30975,3.892242,-0.601371,23.25702,-3.781473,11.05418,32.52205,5.617508,-1.993253,-5.942276,16.48752,-43.91215,17.39153,16.28477,0.8686311,-29.88693,20.27433,0.0,0.0,-1.057129999999999
7900,20.28452,3.788955,4.917889,27.21215,3.815723,-0.684208,24.01886,-3.66753,10.47681,32.38092,5.618485,-1.965675,-6.481651,17.15897,-43.88717,18.00015,16.26194,1.103581,-29.29422,19.96103,0.0,0.0,-1.079089999999999
7933,20.90144,3.584414,4.79424,27.33121,3.672372,-0.7856545,24.52252,-3.6246,9.828073,32.32935,5.616496,-1.902755,-6.629719,17.31917,-43.15582,18.61559,16.26175,1.298901,-28.82577,19.93728,0.0,0.0,-1.3942200000000007
7967,21.29546,3.426035,4.572818,27.51469,3.501237,-0.8917655,24.72024,-3.598434,9.383702,32.22756,5.613285,-1.851584,-6.784257,17.2376,-42.48485,19.04969,16.18959,1.513878,-28.83887,19.99306,0.0,0.0,-1.8514499999999998
8000,21.51809,3.340771,4.368254,27.72397,3.384834,-0.9779159,24.7057,-3.566152,9.296841,32.07507,5.614158,-1.845244,-7.107574,17.16757,-42.2763,19.24531,16.04599,1.755243,-29.46427,20.02212,0.0,0.0,-2.20636
8033,21.66895,3.344134,4.269162,27.99689,3.390498,-1.029466,24.6296,-3.533306,9.507686,31.97173,5.634508,-1.873668,-7.387376,17.14748,-42.38773,19.23745,15.94383,1.96931,-30.50183,20.04032,0.0,0.0,-2.3323199999999993
8067,21.77873,3.39998,4.311071,28.23371,3.512236,-1.047536,24.58381,-3.497755,9.854487,31.92395,5.676405,-1.922578,-7.40197,17.14049,-42.56958,19.06777,16.00205,2.104963,-31.62221,20.03342,0.0,0.0,-2.254340000000001
8100,21.84212,3.44465,4.468526,28.30387,3.675037,-1.053235,24.59384,-3.45102,10.14559,31.87707,5.718237,-1.970338,-7.154122,17.14802,-42.74051,18.80506,16.20577,2.179334,-32.60899,19.96027,0.0,0.0,-2.1274499999999996
8133,21.8991,3.430678,4.638654,28.22659,3.770346,-1.069247,24.6551,-3.384453,10.2883,31.79768,5.725807,-1.997767,-6.77416,17.19587,-42.91935,18.57099,16.43375,2.257154,-33.39854,19.8422,0.0,0.0,-2.1071299999999997
8167,22.01186,3.32813,4.683872,28.12842,3.728041,-1.1012,24.75152,-3.266371,10.37667,31.6865,5.698495,-2.011896,-6.422358,17.30546,-43.14385,18.4691,16.59635,2.371741,-34.00013,19.73545,0.0,0.0,-2.1970799999999997
8200,22.18049,3.133886,4.551651,28.02862,3.546851,-1.137821,24.84957,-3.081505,10.52747,31.49154,5.643649,-2.033116,-6.293606,17.52128,-43.53364,18.50582,16.68956,2.501942,-34.46788,19.64123,0.0,0.0,-2.2811000000000003
8233,22.32174,2.894397,4.342576,27.80736,3.308136,-1.163751,24.91114,-2.880801,10.69452,31.14472,5.574009,-2.058575,-6.486218,17.88562,-44.1998,18.59457,16.76628,2.595255,-34.83855,19.51505,0.0,0.0,-2.24634
8267,22.35223,2.705012,4.225542,27.44743,3.157403,-1.16495,24.92626,-2.756146,10.72851,30.73496,5.535376,-2.069133,-6.857982,18.32628,-45.0019,18.63837,16.89051,2.584599,-34.9796,19.35316,0.0,0.0,-2.0532500000000002
8300,22.26084,2.64821,4.324045,27.11604,3.22185,-1.138886,24.94186,-2.757787,10.53491,30.53041,5.575345,-2.052508,-7.139849,18.66465,-45.63236,18.58685,17.10579,2.419537,-34.68172,19.19784,0.0,0.0,-1.74531
8333,22.08828,2.732534,4.627281,26.98948,3.562164,-1.084832,25.01831,-2.870636,10.12209,30.7636,5.734803,-2.014355,-7.130914,18.76712,-45.91078,18.43338,17.42124,2.124399,-34.02019,19.08956,0.0,0.0,-1.4194900000000015
8367,21.85379,2.899442,4.963806,27.10725,4.11347,-1.012121,25.12014,-3.052736,9.57403,31.40268,5.984057,-1.956015,-6.740726,18.57524,-45.75981,18.21843,17.75716,1.799071,-33.37898,19.10266,0.0,0.0,-1.1838300000000004
8400,21.48579,3.111658,5.10008,27.49,4.784709,-0.9252402,25.05581,-3.291042,9.028851,32.27108,6.272262,-1.874519,-5.976649,18.01025,-45.02193,18.01934,17.89743,1.557083,-33.09728,19.36643,0.0,0.0,-1.1158199999999994
8433,20.88593,3.357594,4.893329,28.14286,5.49287,-0.8227693,24.62567,-3.5789,8.626893,33.19893,6.546224,-1.767592,-5.031547,17.0505,-43.59819,17.91101,17.60773,1.471134,-33.24554,19.94763,0.0,0.0,-1.2363400000000002
8467,20.08959,3.6189,4.390079,29.00058,6.151381,-0.7015665,23.84197,-3.88046,8.452847,34.07383,6.764368,-1.647207,-4.293134,15.88872,-41.75495,17.93028,16.85547,1.536842,-33.61831,20.74005,0.0,0.0,-1.4926899999999996
8500,19.19573,3.859105,3.817057,29.72405,6.596596,-0.5730975,22.87459,-4.150781,8.478874,34.66853,6.829609,-1.533426,-4.016345,14.83891,-40.05856,18.04532,15.89586,1.65871,-33.90032,21.5085,0.0,0.0,-1.76065
8533,18.3099,4.032691,3.418103,29.87973,6.674471,-0.4687537,21.93266,-4.357558,8.57453,34.72307,6.65175,-1.442875,-4.057482,14.12274,-38.94001,18.17499,15.11445,1.727484,-33.94737,22.04262,0.0,0.0,-1.9242299999999997
8567,17.80655,4.127115,3.249139,29.87362,6.666916,-0.4080347,21.40412,-4.464332,8.64252,34.66566,6.514995,-1.397011,-4.135359,13.78977,-38.45123,18.25301,14.72906,1.733365,-33.87915,22.28469,0.0,0.0,-1.97504
8600,17.67768,4.150654,3.216316,29.86122,6.660913,-0.3925318,21.27048,-4.489738,8.66041,34.64188,6.477324,-1.385428,-4.156145,13.71427,-38.34677,18.27361,14.64257,1.727711,-33.84497,22.33727,0.0,0.0,-1.9799600000000002
