Timestamp,Pelvis_position_x,Pelvis_position_y,Pelvis_position_z,Chest_position_x,Chest_position_y,Chest_position_z,Head_position_x,Head_position_y,Head_position_z,LeftUpperLeg_position_x,LeftUpperLeg_position_y,LeftUpperLeg_position_z,LeftLowerLeg_position_x,LeftLowerLeg_position_y,LeftLowerLeg_position_z,LeftFoot_position_x,LeftFoot_position_y,LeftFoot_position_z,RightUpperLeg_position_x,RightUpperLeg_position_y,RightUpperLeg_position_z,RightLowerLeg_position_x,RightLowerLeg_position_y,RightLowerLeg_position_z,RightFoot_position_x,RightFoot_position_y,RightFoot_position_z,LeftShoulder_position_x,LeftShoulder_position_y,LeftShoulder_position_z,LeftUpperArm_position_x,LeftUpperArm_position_y,LeftUpperArm_position_z,LeftForeArm_position_x,LeftForeArm_position_y,LeftForeArm_position_z,RightShoulder_position_x,RightShoulder_position_y,RightShoulder_position_z,RightUpperArm_position_x,RightUpperArm_position_y,RightUpperArm_position_z,RightForeArm_position_x,RightForeArm_position_y,RightForeArm_position_z,LeftHand_position_x,LeftHand_position_y,LeftHand_position_z,RightHand_position_x,RightHand_position_y,RightHand_position_z
0,0.7936075,1.914037,5.206675e-15,0.7439083,2.273441,-0.05554075,0.6915522,2.581152,-0.07074236,0.7172784,1.899907,-0.02313462,0.7400172,1.469457,-0.05177141,0.7628086,1.038011,-0.08047449,0.8699366,1.928167,0.02313462,0.8868027,1.49779,-0.010257,0.9037078,1.066417,-0.04372599,0.6545666,2.385393,-0.03879872,0.5219999,2.363186,-0.03173448,0.5214254,2.110213,0.03249358,0.7932419,2.408623,-0.04618862,0.9258086,2.43083,-0.05325285,1.018788,2.199178,0.02299466,0.5154878,2.052251,0.3155604,0.9987541,2.17307,0.3101156
33,0.7961353,0.9527296,0.0108334,0.7472827,1.313834,-0.03324955,0.6957235,1.622007,-0.03863482,0.719717,0.9395356,-0.01255821,0.7343485,0.509622,0.02724341,0.8121582,0.1182697,-0.1409175,0.8725536,0.9659237,0.03422501,0.9070606,0.5419446,-0.04110755,0.9416475,0.1169839,-0.1166146,0.6585765,1.425502,-0.01187816,0.5260591,1.403479,-0.00344996,0.527372,1.149874,0.05823093,0.7972002,1.448541,-0.02069486,0.9297177,1.470564,-0.02912305,1.020757,1.236974,0.04346468,0.5169811,1.09409,0.3416064,1.000946,1.218432,0.3311886
67,0.7992771,0.9505348,0.02352435,0.7514119,1.313088,-0.007947047,0.7007578,1.621411,-0.002568589,0.7227749,0.9383794,-0.0001536235,0.7336801,0.5079404,0.0348797,0.8130358,0.1197791,-0.1398273,0.8757794,0.9626902,0.04720232,0.9092932,0.5398031,-0.03445113,0.9428847,0.1159369,-0.1162936,0.6634151,1.424245,0.01843389,0.5309794,1.402316,0.02827463,0.5346045,1.148152,0.08750932,0.8019534,1.447185,0.008139565,0.9343892,1.469115,-0.001701178,1.022718,1.233579,0.06788612,0.5186933,1.093865,0.3709196,1.003295,1.223542,0.3560586
100,0.8024955,0.9484607,0.0365009,0.7556512,1.311882,0.0151302,0.7058324,1.620074,0.02907651,0.7259847,0.9371825,0.01241969,0.73321,0.5062634,0.04209226,0.8139634,0.1212,-0.1387229,0.8790063,0.9597389,0.06058212,0.909247,0.5349566,-0.01200921,0.9440434,0.1160011,-0.1157137,0.668213,1.422511,0.04531787,0.5358315,1.40063,0.05596433,0.5412222,1.146108,0.1135048,0.8066946,1.4454,0.0341807,0.9390761,1.467281,0.02353423,1.024736,1.230403,0.09188928,0.5200549,1.092412,0.3966839,1.0056,1.226985,0.3802356
133,0.8048766,0.9469149,0.04732581,0.7590909,1.310752,0.03143375,0.7099978,1.618818,0.04996789,0.7284672,0.9362221,0.02266274,0.7329023,0.5049558,0.04743481,0.814778,0.1222502,-0.1378269,0.881286,0.9576076,0.07198889,0.9085422,0.5313581,0.007239506,0.9449219,0.1175194,-0.1148391,0.6719579,1.421124,0.06339043,0.539546,1.399387,0.07395393,0.5453856,1.144684,0.1306415,0.8104712,1.443862,0.05234004,0.9428831,1.465598,0.04177652,1.026699,1.228175,0.1105245,0.5205855,1.09025,0.4133844,1.007437,1.228117,0.3988825
167,0.8059762,0.9460341,0.05447109,0.7612138,1.310038,0.03952029,0.7127367,1.618158,0.05876939,0.7297363,0.9356197,0.02917255,0.7326473,0.5041577,0.05052979,0.8153221,0.122861,-0.1372646,0.8822161,0.9564486,0.07976964,0.9080797,0.52984,0.01683963,0.945466,0.118807,-0.1140926,0.6741857,1.420512,0.07141265,0.5416774,1.399047,0.08130015,0.5467082,1.144264,0.1377094,0.8127999,1.442967,0.06106941,0.9453083,1.464432,0.0511819,1.028407,1.227004,0.1207794,0.5203466,1.08806,0.4199642,1.008641,1.227625,0.4091028
200,0.8058828,0.9458181,0.05728598,0.7619266,1.309832,0.04031189,0.7139034,1.618129,0.05777107,0.7298065,0.9354286,0.03148921,0.7324483,0.503899,0.05147064,0.8155075,0.1230573,-0.1370758,0.881959,0.9562075,0.08308274,0.9074615,0.5294608,0.02094691,0.9455994,0.1196687,-0.1136082,0.6749071,1.420617,0.07112744,0.5423002,1.399442,0.08029199,0.5460744,1.144621,0.1366209,0.8136244,1.442768,0.06154046,0.9462313,1.463943,0.0523759,1.029481,1.226631,0.1221883,0.5195709,1.086244,0.4184212,1.009209,1.22653,0.410477
233,0.8052157,0.9461554,0.05604228,0.761728,1.310078,0.03616277,0.7139611,1.618547,0.05111225,0.7292431,0.9356536,0.02998707,0.7325005,0.504155,0.05054085,0.8153771,0.1228891,-0.1372272,0.8811883,0.9566572,0.08209748,0.906912,0.5297821,0.02094254,0.9454591,0.1199771,-0.1134566,0.6747022,1.421182,0.06579334,0.542037,1.400212,0.07458004,0.5449898,1.145339,0.1307262,0.8134804,1.443117,0.05660161,0.9461456,1.464086,0.04781489,1.02974,1.226745,0.1171152,0.5183638,1.085147,0.4121326,1.009314,1.225581,0.4053907
267,0.8047303,0.9468266,0.05197053,0.761369,1.310633,0.02981882,0.7136961,1.619204,0.04283723,0.728765,0.936188,0.02594959,0.7329445,0.504783,0.04822558,0.8150973,0.1224181,-0.1376161,0.8806956,0.9574651,0.07799146,0.9068267,0.5304959,0.01767188,0.9452609,0.1196822,-0.1136445,0.6743703,1.421947,0.05873416,0.5416961,1.401074,0.06761453,0.5445868,1.146144,0.1235016,0.8131582,1.443781,0.04944447,0.9458324,1.464653,0.04056409,1.02933,1.227092,0.1092263,0.5168813,1.084824,0.4045602,1.009177,1.225284,0.3975178
300,0.8047522,0.9476297,0.046358,0.7612371,1.311338,0.02293238,0.713569,1.619952,0.03491601,0.7286788,0.9368757,0.02070272,0.7335954,0.5055929,0.04509586,0.8148389,0.1217614,-0.1381033,0.8808255,0.9583838,0.07201327,0.9073949,0.5314269,0.01179788,0.9450679,0.1188554,-0.114117,0.6743196,1.422753,0.05170183,0.5416776,1.4019,0.06109539,0.5449932,1.14699,0.1170528,0.8130736,1.444566,0.04187529,0.9457157,1.465418,0.03248172,1.028531,1.227501,0.1007337,0.5155614,1.085006,0.39779,1.008894,1.225982,0.3890624
333,0.805116,0.9483539,0.04074852,0.7613073,1.311981,0.01661358,0.7136291,1.620613,0.0280749,0.728856,0.9375035,0.01569518,0.7341254,0.5063375,0.04200436,0.8146783,0.1211091,-0.1385486,0.881376,0.9592044,0.06580187,0.908378,0.5323919,0.004761379,0.9448473,0.1177993,-0.1147043,0.6745114,1.423447,0.0455488,0.5419236,1.402589,0.05566883,0.5456549,1.147841,0.1123338,0.8132086,1.445266,0.03496231,0.9457964,1.466125,0.02484226,1.02764,1.227793,0.09281892,0.5150018,1.085172,0.3927883,1.008492,1.227513,0.3811845
367,0.8055261,0.9488639,0.03653117,0.7614809,1.312423,0.01181121,0.7138366,1.621075,0.02285196,0.7290863,0.9379396,0.01206467,0.7343435,0.5068557,0.039688,0.8146367,0.1206329,-0.1388448,0.881966,0.9597881,0.06099766,0.9092745,0.5331447,-0.001079727,0.94464,0.1169454,-0.1151698,0.6748083,1.423944,0.04090393,0.5422681,1.4031,0.05165677,0.5460936,1.148591,0.1093772,0.8134558,1.445748,0.02965547,0.945996,1.466592,0.01890261,1.026924,1.227881,0.08664631,0.5153882,1.084911,0.3895978,1.00806,1.229235,0.3750275
400,0.8059431,0.9491528,0.03425807,0.7618201,1.31267,0.00907285,0.7142658,1.621349,0.0197681,0.7293838,0.9381923,0.01018469,0.7343186,0.5071408,0.03836614,0.8147293,0.1203868,-0.13896,0.8825025,0.9601132,0.05833145,0.9097881,0.533469,-0.003750999,0.9445083,0.1165493,-0.1153824,0.6752442,1.424253,0.03821757,0.5427276,1.403453,0.04933954,0.5464255,1.149141,0.1079342,0.813867,1.446012,0.02658298,0.9463836,1.466813,0.01546101,1.026579,1.227829,0.0831141,0.5164325,1.084245,0.387953,1.007856,1.23057,0.3714947
433,0.8064473,0.949306,0.03362426,0.7623888,1.312824,0.008327248,0.7149755,1.621526,0.01895453,0.7298196,0.9383582,0.009763436,0.7342435,0.5072867,0.03772286,0.8149437,0.1202919,-0.1389451,0.8830751,0.9602538,0.05748508,0.9100124,0.5334347,-0.003538486,0.9444444,0.1165482,-0.1153826,0.6758969,1.424454,0.03753797,0.5433866,1.403713,0.0488417,0.5470726,1.149518,0.1079418,0.8145133,1.446151,0.02571324,0.9470237,1.466892,0.01440949,1.026603,1.227748,0.08222146,0.5177634,1.083611,0.3877969,1.008112,1.231401,0.370607
467,0.8070304,0.9494224,0.03386942,0.7631787,1.31299,0.008934466,0.7159858,1.621715,0.01988316,0.7303621,0.9385453,0.01010684,0.7342413,0.5074136,0.03720567,0.8152499,0.1202196,-0.138884,0.8836988,0.9602995,0.057632,0.9101776,0.5332965,-0.0022953,0.9444332,0.1167071,-0.115295,0.6767972,1.424654,0.03834489,0.5442865,1.403992,0.04979043,0.5482928,1.149855,0.1091193,0.8154137,1.446268,0.02637183,0.9479243,1.46693,0.01492628,1.026925,1.227698,0.08310588,0.5191424,1.083467,0.388877,1.008897,1.23189,0.3715132
500,0.8076705,0.9495176,0.03467104,0.7641563,1.313182,0.01057056,0.7172672,1.621927,0.02223309,0.7309791,0.9387674,0.01092516,0.7343588,0.5075474,0.03665133,0.8156106,0.1201221,-0.1388163,0.8843619,0.9602678,0.05841692,0.9104391,0.5332094,-0.001292229,0.9445246,0.1168559,-0.1152088,0.6779295,1.424865,0.04036091,0.5454202,1.404301,0.05199708,0.5500723,1.150206,0.1114553,0.8165447,1.446376,0.02818842,0.949054,1.466939,0.01655223,1.027548,1.227672,0.08518931,0.5204346,1.083845,0.3911686,1.01018,1.23208,0.3736339
533,0.8083975,0.9496068,0.03632356,0.7652659,1.313404,0.01357608,0.7186958,1.622153,0.02638529,0.7316993,0.9390253,0.01252409,0.7346892,0.5076917,0.03632372,0.8159567,0.1200776,-0.1387191,0.8850958,0.9601882,0.06012302,0.9109001,0.5333046,-0.0009388439,0.9447969,0.1170056,-0.1151109,0.6792207,1.425067,0.04396001,0.5467226,1.404588,0.05587025,0.5522419,1.15056,0.115543,0.8178242,1.44649,0.03150082,0.9503223,1.46697,0.01959056,1.028562,1.22776,0.08871952,0.5215707,1.084576,0.395234,1.011886,1.231921,0.3772087
567,0.8091347,0.9497361,0.03907235,0.7663786,1.313692,0.01823738,0.7200931,1.622412,0.0326587,0.7324515,0.9393574,0.01513541,0.7353116,0.5078953,0.03649586,0.8161807,0.1202045,-0.1385618,0.8858178,0.9601148,0.06300929,0.9115268,0.5336627,-0.00103499,0.945245,0.1172746,-0.1149346,0.6805199,1.425276,0.04942804,0.548045,1.404843,0.06167022,0.5544962,1.150918,0.1216858,0.8190991,1.446651,0.03662161,0.951574,1.467085,0.02437941,1.029986,1.228094,0.09406716,0.5224721,1.085747,0.4014158,1.013782,1.231376,0.3825944
600,0.8097536,0.9496796,0.04246533,0.7673851,1.313798,0.02377255,0.7213697,1.622469,0.03999203,0.7331045,0.9395214,0.01832566,0.7360261,0.5079617,0.03760446,0.8161929,0.1205358,-0.1383601,0.8864027,0.9598377,0.066605,0.9118349,0.533638,0.000794284,0.945715,0.1176944,-0.1146708,0.6817093,1.425274,0.05583856,0.5492604,1.404868,0.06840443,0.5564507,1.151062,0.1288362,0.8202614,1.446619,0.04269352,0.9527103,1.467024,0.03012763,1.03171,1.228416,0.1004609,0.523146,1.087225,0.4087241,1.015582,1.230131,0.3890062
633,0.8102606,0.9495454,0.04517399,0.7682465,1.313783,0.02808227,0.7224903,1.622419,0.04564574,0.7336333,0.939567,0.02089044,0.7367561,0.5079631,0.03911891,0.8159922,0.1209557,-0.1381831,0.8868879,0.9595237,0.06945754,0.9118242,0.5332948,0.003646858,0.9459967,0.1181073,-0.1144237,0.6827355,1.42519,0.06082055,0.5503069,1.404827,0.07366471,0.557735,1.151144,0.1345866,0.8212664,1.446493,0.04738441,0.953695,1.466856,0.03454022,1.03347,1.228688,0.1054862,0.5238392,1.088618,0.4146996,1.017116,1.228299,0.3940236
667,0.8108997,0.9495989,0.04605877,0.7690895,1.313885,0.02949676,0.7235264,1.622523,0.04751543,0.7342512,0.9396992,0.02180986,0.7375302,0.5080978,0.04006944,0.8157107,0.1212721,-0.1380956,0.8875481,0.9594986,0.07030768,0.9120141,0.5331974,0.004788496,0.9460282,0.1182934,-0.11432,0.6836976,1.425297,0.06252766,0.5512825,1.404986,0.07559375,0.5582415,1.151428,0.1370858,0.8222141,1.446543,0.04885935,0.9546291,1.466854,0.03579324,1.035025,1.229001,0.1070927,0.5250794,1.089349,0.4173857,1.018458,1.226476,0.3956072
700,0.811885,0.9500035,0.04501154,0.7701234,1.314277,0.02805734,0.7246608,1.622948,0.04576247,0.7351896,0.9400894,0.02091755,0.7383117,0.5085111,0.03974283,0.8155653,0.1213512,-0.1381005,0.8885804,0.9599176,0.06910553,0.9128359,0.5337687,0.002526298,0.9459648,0.1181705,-0.1143914,0.6847832,1.42575,0.06101552,0.55237,1.405493,0.07418175,0.5582132,1.152049,0.1362595,0.823298,1.446941,0.04724246,0.9557112,1.467199,0.03407621,1.036307,1.22941,0.1053649,0.5272468,1.08934,0.4166704,1.019775,1.225443,0.3938651
733,0.8132229,0.950821,0.04265315,0.7714837,1.31505,0.02470944,0.7260815,1.623776,0.04158888,0.7364953,0.9408476,0.01868623,0.7390966,0.5092771,0.03776863,0.8157135,0.1211278,-0.1381831,0.8899505,0.9607944,0.06662007,0.914595,0.5354291,-0.004660994,0.9459729,0.1177931,-0.1145916,0.6861356,1.426627,0.05729192,0.5537025,1.406437,0.0703602,0.5582101,1.153103,0.1329954,0.8246712,1.447748,0.04362132,0.9571044,1.467939,0.03055301,1.03743,1.229983,0.1015917,0.5302324,1.089159,0.4134415,1.021165,1.225711,0.3901028
767,0.8146209,0.9519412,0.03993019,0.7730333,1.316115,0.02057195,0.7277625,1.624924,0.03625311,0.7378868,0.9419068,0.01600957,0.7399045,0.5103009,0.03434788,0.8161531,0.1206125,-0.1383315,0.891355,0.9619756,0.06385081,0.9186721,0.5401767,-0.0253877,0.9460524,0.1174014,-0.1148329,0.6876592,1.427853,0.05252891,0.5551785,1.407783,0.06529798,0.5587062,1.154556,0.1284234,0.8262445,1.448848,0.03917132,0.9587253,1.468918,0.02640224,1.0384,1.23068,0.09722768,0.5333321,1.089248,0.4088029,1.022526,1.226975,0.3857682
800,0.815787,0.9530743,0.03777168,0.7747058,1.317223,0.01692739,0.7298293,1.626152,0.03133705,0.7390661,0.9430473,0.01380583,0.7407178,0.5113736,0.03051303,0.8167235,0.120021,-0.1384701,0.8925079,0.9631014,0.06173753,0.9192643,0.5410463,-0.02645299,0.9460825,0.118014,-0.1148476,0.6893529,1.429199,0.04810227,0.5567839,1.409371,0.06032258,0.5598824,1.156173,0.1235868,0.8280304,1.44994,0.03531874,0.9605994,1.469768,0.02309842,1.039333,1.231273,0.09410985,0.5357342,1.089438,0.4037386,1.023914,1.228148,0.3826821
833,0.8166084,0.9538575,0.03696227,0.776665,1.318069,0.01503344,0.7326651,1.627166,0.02849499,0.7399246,0.9439934,0.0128107,0.7414298,0.5122529,0.02770851,0.8172098,0.1196667,-0.1384918,0.8932921,0.9637217,0.06111384,0.9196658,0.5415732,-0.02674419,0.9461006,0.1184473,-0.1148057,0.6914423,1.430377,0.04535832,0.5587253,1.410993,0.05664781,0.561642,1.157628,0.119253,0.8302746,1.450654,0.03354847,0.9629917,1.470037,0.02225896,1.040543,1.231422,0.09416077,0.5369954,1.089093,0.398926,1.025662,1.228118,0.3827591
867,0.8172726,0.954253,0.03742092,0.7792167,1.318632,0.01492639,0.7366727,1.627956,0.02786147,0.7406521,0.9447387,0.0129304,0.7421409,0.5129434,0.02614361,0.8175343,0.1195895,-0.1384093,0.8938931,0.9637672,0.06191144,0.9199594,0.54167,-0.02628456,0.946086,0.1185956,-0.1146847,0.6942716,1.431386,0.04436239,0.5613499,1.412687,0.0543218,0.5640762,1.158944,0.1153789,0.8333182,1.450946,0.03394391,0.9662399,1.469644,0.02398448,1.042458,1.231112,0.09756932,0.5372249,1.087902,0.3942224,1.028129,1.226774,0.386182
900,0.8180059,0.9545273,0.03864244,0.7824674,1.31914,0.01581478,0.7418824,1.62874,0.0284095,0.7414622,0.9455068,0.01372861,0.743214,0.5136479,0.02462984,0.8177863,0.1194903,-0.1383666,0.8945496,0.9635478,0.06355628,0.9202501,0.5415793,-0.02536006,0.94601,0.118634,-0.1144822,0.6979536,1.432457,0.04431306,0.5648003,1.414661,0.05270793,0.567596,1.160446,0.1117705,0.8372424,1.451073,0.03553122,0.9703957,1.46887,0.02713633,1.045314,1.230654,0.1030424,0.5366277,1.086226,0.3893566,1.031215,1.224898,0.3916417
933,0.8188797,0.954964,0.04039329,0.786202,1.319808,0.01699135,0.7478888,1.629719,0.0290466,0.7423941,0.9464918,0.01511138,0.7449816,0.5145556,0.02207066,0.8180596,0.119116,-0.1384789,0.8953653,0.9634362,0.0656752,0.9205917,0.5416342,-0.02416185,0.9458765,0.1188557,-0.1142069,0.70225,1.433789,0.04448438,0.5688738,1.417033,0.05134163,0.5726795,1.162444,0.1087108,0.8417721,1.451316,0.03731103,0.9751484,1.468072,0.03045377,1.048955,1.23033,0.1088925,0.5353788,1.084695,0.3845466,1.034451,1.223121,0.397439
967,0.8197444,0.9555147,0.04303341,0.7899498,1.320531,0.01849159,0.7540128,1.630763,0.02955388,0.7432537,0.947561,0.01759889,0.7473579,0.5155824,0.01890984,0.8183005,0.1185755,-0.1387026,0.8962351,0.9634684,0.06846792,0.9209797,0.5419017,-0.02259959,0.9457816,0.1193591,-0.113878,0.7066601,1.435238,0.04495972,0.573095,1.419565,0.05059333,0.5792449,1.164897,0.1074098,0.8463796,1.451633,0.03906639,0.9799448,1.467306,0.03343277,1.052735,1.229995,0.1140954,0.5338748,1.08367,0.3810251,1.037347,1.221102,0.402549
1000,0.8204692,0.9558484,0.04709693,0.7934123,1.320983,0.02119405,0.7598469,1.631521,0.03111383,0.7438848,0.9483787,0.02179804,0.7498353,0.5164484,0.01681371,0.8183766,0.1182577,-0.1388635,0.8970536,0.9633181,0.07239581,0.9214208,0.5421192,-0.02045759,0.9458443,0.1199452,-0.1135259,0.7108721,1.436419,0.04682891,0.5771575,1.42181,0.05172653,0.5864961,1.167482,0.109616,0.8507482,1.451702,0.04170549,0.9844629,1.466312,0.03680786,1.055989,1.229225,0.1192409,0.5328403,1.083379,0.380853,1.039697,1.218073,0.4075665
1033,0.8212644,0.9555852,0.05250451,0.7968585,1.320863,0.02599099,0.7656845,1.631664,0.03543596,0.7445185,0.9486458,0.02754632,0.7517203,0.5168239,0.0174496,0.818309,0.1185074,-0.1387522,0.8980104,0.9625245,0.07746269,0.9204347,0.5398903,-0.009148166,0.9460374,0.1203527,-0.1131759,0.7151537,1.43697,0.05126977,0.5813175,1.423407,0.05584309,0.5937179,1.169718,0.1159204,0.8551568,1.451158,0.04648559,0.988993,1.464721,0.04191226,1.058732,1.227688,0.1260139,0.5330251,1.083882,0.3851235,1.041886,1.213728,0.4141852
1067,0.8229105,0.9545743,0.05760417,0.8012096,1.320095,0.03209843,0.7724811,1.631103,0.04244738,0.7460021,0.9482896,0.03297521,0.7525049,0.5164911,0.02149991,0.8183345,0.1194374,-0.1381997,0.899819,0.9608589,0.08223312,0.9178239,0.5350147,0.01183062,0.9461398,0.1212651,-0.1126625,0.7203965,1.436767,0.057639,0.5864523,1.424248,0.06202656,0.6010419,1.171161,0.1241188,0.8605127,1.449863,0.05304913,0.9944569,1.462381,0.04866156,1.061957,1.225422,0.1347755,0.5351017,1.084782,0.3919098,1.0451,1.208333,0.4227777
1100,0.8265163,0.9526377,0.05928895,0.8075637,1.318493,0.03653876,0.7812378,1.629626,0.04925238,0.749513,0.947124,0.03477168,0.7516404,0.5151674,0.02903077,0.8187689,0.1209763,-0.1370905,0.9035195,0.9581513,0.08380621,0.9158093,0.529493,0.0316052,0.9460082,0.1221777,-0.1121703,0.727623,1.43559,0.06286945,0.5935795,1.42408,0.06697592,0.6091259,1.171314,0.1301321,0.8678432,1.44763,0.05857363,1.001887,1.459139,0.05446714,1.066989,1.222458,0.1431523,0.5396251,1.084977,0.3970353,1.050696,1.20213,0.4309763
1133,0.8331286,0.9493659,0.05389202,0.8167527,1.315555,0.03480942,0.7925845,1.62672,0.05063032,0.7561148,0.9446374,0.02924434,0.7431023,0.5132691,0.04863565,0.8179722,0.1227799,-0.1228338,0.9101425,0.9540944,0.07853969,0.9150894,0.523093,0.04960248,0.9455438,0.1225442,-0.1120213,0.737572,1.432939,0.06213755,0.6034408,1.422335,0.0657995,0.6187688,1.169667,0.1293992,0.8778836,1.444032,0.05830673,1.012015,1.454636,0.05464477,1.074784,1.218531,0.1464901,0.5467952,1.083027,0.3955479,1.059489,1.195198,0.434141
1167,0.8427178,0.9452948,0.04162397,0.8284998,1.311725,0.02569034,0.8060762,1.622875,0.04415765,0.7657471,0.9412255,0.01672529,0.729818,0.5138682,0.06867513,0.8082885,0.1238992,-0.1023678,0.9196886,0.9493641,0.06652266,0.9171965,0.5174018,0.06138109,0.9446643,0.1218131,-0.1125273,0.7498863,1.429326,0.05371509,0.615681,1.419476,0.05670748,0.6299359,1.166813,0.1205757,0.8902755,1.439629,0.05058467,1.024481,1.449478,0.04759226,1.085124,1.214268,0.1430897,0.5555149,1.078576,0.3855237,1.071001,1.188508,0.4305935
1200,0.8509078,0.9446722,0.02593732,0.8382698,1.31122,0.01144404,0.8170683,1.622383,0.03109539,0.7740145,0.9410245,0.0007358715,0.7150295,0.5195011,0.07464653,0.7855661,0.1233153,-0.08519857,0.9278011,0.9483199,0.05113877,0.9217027,0.5164393,0.05925798,0.9433842,0.120035,-0.113608,0.7599617,1.429044,0.0393865,0.6256958,1.419773,0.0413237,0.6383039,1.166957,0.104933,0.9004144,1.438742,0.03735991,1.03468,1.448013,0.03542269,1.093713,1.213924,0.1346137,0.5604901,1.075315,0.3677418,1.080464,1.186273,0.4219832
1233,0.8475087,0.9471823,0.01000953,0.8357486,1.313732,-0.005162695,0.8151299,1.624973,0.01385853,0.7707368,0.9436601,-0.01557679,0.6972381,0.5241324,0.05666233,0.7515008,0.1204329,-0.09020966,0.9242807,0.9507045,0.03559585,0.9219903,0.518872,0.04740647,0.9419661,0.1179031,-0.1148095,0.7574397,1.431791,0.02176481,0.6231372,1.422866,0.02223288,0.6340158,1.169612,0.08440708,0.8979304,1.441128,0.02127503,1.032233,1.450054,0.02080693,1.090691,1.217039,0.1228264,0.5513611,1.073473,0.3441128,1.077463,1.187739,0.4100337
1267,0.8408107,0.9489192,-0.001130201,0.8290846,1.315363,-0.01868895,0.8083212,1.626715,-0.001753209,0.7641798,0.9452221,-0.02711158,0.6831807,0.5249794,0.03170321,0.7180708,0.1157553,-0.1054371,0.9174417,0.9526164,0.02485118,0.9200982,0.5207994,0.03713948,0.9408889,0.1162077,-0.1157081,0.7504984,1.433594,0.006633608,0.6161974,1.424693,0.005607032,0.6263091,1.170797,0.06523834,0.8909877,1.442904,0.007707346,1.025289,1.451805,0.008733902,1.084576,1.219413,0.1116927,0.5375298,1.071087,0.3215541,1.070356,1.188681,0.3987028
1300,0.8339617,0.9495762,-0.005511603,0.8214071,1.315827,-0.02625015,0.7998612,1.627263,-0.01204391,0.7574043,0.9454719,-0.03164811,0.6738362,0.5237736,0.01090557,0.6870103,0.1112216,-0.1199242,0.9105191,0.9536805,0.02062491,0.9171919,0.5218616,0.03120489,0.9404832,0.1153714,-0.1161463,0.7423896,1.434091,-0.002473384,0.6081186,1.424889,-0.004391473,0.6195121,1.170432,0.05255794,0.8828475,1.443716,-0.0004670508,1.017118,1.452918,0.001451022,1.07844,1.220353,0.1028143,0.5244913,1.070142,0.3063974,1.06273,1.189322,0.3897143
1333,0.8256055,0.9492618,-0.004677393,0.8116081,1.315271,-0.02852526,0.788929,1.626734,-0.01693196,0.7489875,0.9446459,-0.03054972,0.6675422,0.5214283,-0.000925947,0.6601194,0.1079488,-0.129256,0.9022235,0.9538777,0.02119493,0.9128523,0.5220909,0.02963217,0.9404676,0.1153213,-0.116193,0.7321503,1.433442,-0.005779695,0.5979146,1.423739,-0.007693514,0.6126471,1.16907,0.04751424,0.8725712,1.443593,-0.003777828,1.006807,1.453296,-0.001864022,1.070539,1.219735,0.09564947,0.513263,1.071981,0.3009273,1.053201,1.190035,0.3825967
1367,0.8175331,0.9489504,-0.002270348,0.8017781,1.314722,-0.02853253,0.7778633,1.626161,-0.0189077,0.7407277,0.9438317,-0.02748393,0.6615525,0.5197157,-0.005554901,0.6408443,0.1059901,-0.131616,0.8943386,0.954069,0.02294323,0.9087354,0.5223531,0.02912142,0.9400673,0.115622,-0.1160583,0.7219355,1.432716,-0.006213047,0.5877338,1.422449,-0.007453442,0.6064121,1.167941,0.04730256,0.8623208,1.443456,-0.004915632,0.9965224,1.453723,-0.003675249,1.061918,1.218665,0.08902138,0.5063647,1.076931,0.3027028,1.043615,1.192186,0.3762238
1400,0.8117737,0.9500599,-0.0008811091,0.7940956,1.315659,-0.02830112,0.7689217,1.627023,-0.01954041,0.7346992,0.9445117,-0.02516573,0.6588436,0.5192512,-0.03001356,0.6221207,0.1052718,-0.1515108,0.8888481,0.9556081,0.02340351,0.9065116,0.5239744,0.02548941,0.9387486,0.1159868,-0.1159176,0.7139058,1.433387,-0.005824868,0.5797437,1.422548,-0.006112372,0.6011804,1.168308,0.04887554,0.8542498,1.444726,-0.005524252,0.9884118,1.455564,-0.005236759,1.053912,1.218866,0.08310954,0.5044706,1.084143,0.3078835,1.036304,1.196754,0.3707245
1433,0.8016273,0.9515163,-0.0002782139,0.7820621,1.317048,-0.02731502,0.7556722,1.628299,-0.0181074,0.7242877,0.9456496,-0.02362704,0.6560694,0.5211722,-0.06592624,0.6080331,0.1051425,-0.1759303,0.8789669,0.9573829,0.02307061,0.9023264,0.526022,0.02061471,0.9367077,0.116499,-0.1157598,0.7015398,1.434427,-0.004208785,0.5674242,1.423038,-0.00363017,0.589671,1.168848,0.05126471,0.8418353,1.44634,-0.004814196,0.975951,1.457728,-0.005392822,1.0401,1.219581,0.08000142,0.498516,1.09013,0.3139735,1.025231,1.201511,0.3680531
1467,0.7876437,0.9529443,0.000637465,0.7664598,1.318499,-0.02482005,0.7389369,1.629607,-0.01419502,0.7101521,0.9468669,-0.0221468,0.6546349,0.5281304,-0.1127094,0.5989891,0.1084245,-0.2034816,0.8651353,0.9590216,0.02342173,0.8959817,0.5282217,0.01426215,0.9345576,0.1169512,-0.1155747,0.6855942,1.435475,-0.0008830801,0.5515261,1.423577,0.0002112926,0.5729399,1.169177,0.05446784,0.82584,1.447921,-0.002028015,0.9599082,1.459819,-0.0031224,1.022217,1.22084,0.08130507,0.4869832,1.093352,0.3197669,1.011364,1.204946,0.3696643
1500,0.7716348,0.9542938,0.0002252272,0.7489675,1.319906,-0.0230433,0.7202138,1.630832,-0.01054687,0.6941459,0.948042,-0.022521,0.6459115,0.5286936,-0.1144138,0.5975653,0.1083743,-0.2065193,0.8491236,0.9605457,0.02297146,0.8882658,0.5307182,0.004525596,0.9326625,0.117072,-0.1155364,0.6676943,1.436411,0.001787232,0.533679,1.423962,0.003174701,0.5531612,1.169374,0.05727477,0.8078848,1.449434,0.0003356952,0.9419001,1.461883,-0.001051788,1.00293,1.222955,0.08444532,0.4707742,1.094038,0.3238426,0.9961066,1.206816,0.3729143
1533,0.7549046,0.9553851,-0.004591578,0.7304949,1.321033,-0.02539964,0.7001349,1.631717,-0.01084866,0.6775364,0.9489062,-0.02768221,0.6372647,0.5281869,-0.1171112,0.5968997,0.1064937,-0.2067472,0.8322729,0.9618641,0.01849905,0.8799817,0.5334796,-0.01039064,0.930849,0.1165904,-0.1157707,0.6487046,1.436945,0.0004892014,0.5147645,1.423769,0.002348475,0.531668,1.169271,0.05772025,0.7888165,1.450728,-0.001455883,0.9227567,1.463904,-0.003315173,0.9835474,1.225729,0.08442736,0.4515081,1.093085,0.3247253,0.9799778,1.207912,0.3728563
1567,0.7378542,0.9558948,-0.01534865,0.7113603,1.321524,-0.03379949,0.6789758,1.631908,-0.01732369,0.6607117,0.9491065,-0.03909654,0.6164148,0.5215554,-0.08224514,0.5966068,0.107143,-0.2061768,0.8149967,0.962683,0.008399235,0.8711991,0.5361042,-0.03027684,0.9285001,0.1155762,-0.1160783,0.6289353,1.436729,-0.006790329,0.4951006,1.422629,-0.00423963,0.5093608,1.168444,0.05327419,0.7689369,1.451478,-0.009458696,0.9027716,1.465577,-0.01200941,0.9643168,1.228448,0.07800864,0.4304072,1.091256,0.3203507,0.9631131,1.209099,0.3663584
1600,0.7205049,0.9555211,-0.03216197,0.6919068,1.321069,-0.04902136,0.6572983,1.631146,-0.03133349,0.6437394,0.9483699,-0.05699971,0.5992014,0.5187436,-0.06484969,0.5964633,0.1090705,-0.2050266,0.7972705,0.9626723,-0.007324226,0.861401,0.5374786,-0.04881651,0.9255,0.1145584,-0.1160396,0.6087416,1.435567,-0.02128542,0.4750257,1.42047,-0.01825714,0.48717,1.166516,0.04074684,0.7486188,1.45136,-0.02445339,0.8823347,1.466457,-0.0274817,0.9453115,1.230379,0.06429171,0.4081157,1.088735,0.3076214,0.9457743,1.21063,0.3526165
1633,0.7034865,0.9542941,-0.05299779,0.6730364,1.319708,-0.06950902,0.6362504,1.629529,-0.05172876,0.6272513,0.9467525,-0.07930975,0.5827416,0.5177839,-0.05423231,0.5964621,0.1115499,-0.2034796,0.7797217,0.9618358,-0.02668583,0.8517275,0.5364851,-0.04940057,0.9229151,0.1145245,-0.1155121,0.589062,1.433611,-0.04176172,0.4554543,1.417577,-0.03878168,0.4660836,1.163539,0.02015039,0.7288262,1.450385,-0.04487921,0.862434,1.46642,-0.04785927,0.9270211,1.231242,0.0450989,0.3854992,1.085252,0.2864192,0.9286308,1.212396,0.3334801
1667,0.6876478,0.952822,-0.0717092,0.6555806,1.318074,-0.08874676,0.6168334,1.627692,-0.07162267,0.6119571,0.9448833,-0.09943796,0.5677446,0.5181053,-0.04914071,0.5966537,0.1139736,-0.2018854,0.7633386,0.9607608,-0.04398045,0.842779,0.5361767,-0.05042878,0.9209144,0.1151824,-0.1148319,0.5708067,1.431506,-0.0615072,0.4372891,1.414659,-0.05900551,0.4466695,1.160273,-0.00137534,0.7104765,1.44913,-0.06412429,0.8439941,1.465977,-0.066626,0.9096746,1.231327,0.02689911,0.363704,1.080818,0.2638136,0.9119636,1.214192,0.3153823
1700,0.6729255,0.9517439,-0.08132225,0.6393207,1.316845,-0.09862102,0.5989534,1.626275,-0.08183628,0.5975555,0.9434568,-0.1098124,0.5546981,0.5182236,-0.04685147,0.597014,0.1156627,-0.2006148,0.7482955,0.960031,-0.0528321,0.8342971,0.5367819,-0.06220713,0.9196321,0.1155137,-0.1145533,0.5538464,1.429867,-0.07187178,0.4204027,1.41236,-0.07005444,0.4286919,1.157614,-0.01386629,0.6934388,1.448181,-0.073773,0.8268825,1.465689,-0.07559035,0.8923733,1.230987,0.01793658,0.3435273,1.075913,0.2499396,0.8948022,1.215437,0.3065083
1733,0.6586411,0.9512877,-0.07700416,0.6233622,1.316275,-0.09333406,0.5816994,1.625485,-0.07568202,0.5831972,0.9427332,-0.1052183,0.5439536,0.5169344,-0.0437417,0.5973185,0.1165764,-0.1998017,0.734085,0.9598423,-0.04879002,0.826292,0.5390859,-0.08174242,0.9187125,0.1173553,-0.1147711,0.537312,1.42887,-0.06662644,0.4039304,1.410837,-0.06554525,0.4114735,1.155959,-0.00984934,0.6768396,1.447734,-0.06775758,0.8102213,1.465768,-0.06883878,0.8737795,1.230556,0.02474038,0.3252047,1.071324,0.2526695,0.8757842,1.215579,0.3133458
1767,0.645124,0.951315,-0.05939563,0.6077402,1.316187,-0.07347618,0.5648685,1.625104,-0.05371035,0.5692234,0.9425012,-0.08627351,0.5364265,0.5144143,-0.03841971,0.5972096,0.1170992,-0.1994639,0.7210245,0.9601288,-0.03251775,0.8193684,0.5414965,-0.07374293,0.91794,0.1218951,-0.1150635,0.5211753,1.428265,-0.04626542,0.3878582,1.409735,-0.04581704,0.3950748,1.155054,0.01081431,0.6606353,1.44765,-0.0467346,0.7939524,1.46618,-0.04718301,0.8540643,1.230448,0.04736039,0.3091785,1.067722,0.2725709,0.8552411,1.214658,0.335927
1800,0.6340474,0.9518877,-0.03435326,0.5939981,1.316571,-0.04571664,0.5497425,1.625116,-0.02335529,0.5574956,0.9427071,-0.05918334,0.5334513,0.5121315,-0.03367838,0.5965641,0.1172312,-0.1996892,0.7105993,0.9610683,-0.009523185,0.8244207,0.5454859,-0.04050629,0.93864,0.130798,-0.09027559,0.5069101,1.42803,-0.01764449,0.3736756,1.40891,-0.0175041,0.3806492,1.154688,0.04118194,0.6462837,1.448032,-0.0177915,0.7795182,1.467153,-0.01793193,0.8356975,1.231253,0.07859141,0.2964536,1.065559,0.3028854,0.8359259,1.213605,0.3670527
1833,0.6274139,0.9530216,-0.01237355,0.5843505,1.31742,-0.02169384,0.538413,1.625567,0.002664397,0.5502897,0.9433247,-0.03515113,0.5347934,0.5116063,-0.03336867,0.5956237,0.1167896,-0.2004271,0.7045382,0.9627185,0.01040404,0.8280147,0.5488051,0.003104317,0.95345,0.1424915,-0.07853121,0.4966996,1.428212,0.007250814,0.3635752,1.408342,0.007557311,0.3697713,1.15467,0.0686577,0.6359581,1.448998,0.006930055,0.7690825,1.468868,0.006623529,0.8222088,1.233184,0.1053767,0.2881283,1.06472,0.3308888,0.821502,1.213395,0.393698
1867,0.6191744,0.9540042,-0.005109929,0.5731259,1.318053,-0.01376013,0.5251729,1.625836,0.01131062,0.5417793,0.9437022,-0.02667073,0.5334978,0.5118866,-0.03619706,0.5946846,0.1162616,-0.2012004,0.6965694,0.9643062,0.01645087,0.8222247,0.5511129,0.02675169,0.9518285,0.1524961,-0.08186027,0.4848239,1.428193,0.01569174,0.3518402,1.407414,0.01643283,0.3563634,1.154178,0.07946001,0.6239353,1.44993,0.01491636,0.7569191,1.47071,0.01417524,0.808645,1.235466,0.1147036,0.2778521,1.064474,0.3427295,0.8067725,1.213982,0.4028984
1900,0.6017617,0.9538447,-0.01171502,0.5531822,1.317552,-0.02088534,0.5029967,1.625017,0.003719642,0.5245032,0.9429765,-0.03348672,0.5234709,0.5109901,-0.03674895,0.5937829,0.1167189,-0.2013563,0.6790202,0.9647129,0.01005669,0.7957325,0.5488008,0.005661561,0.9169234,0.1489942,-0.1081652,0.4640983,1.427091,0.008453293,0.3312707,1.405341,0.009328224,0.3335361,1.152241,0.0730202,0.6030464,1.449844,0.007537909,0.7358741,1.471595,0.006662949,0.7876183,1.236873,0.108395,0.2588573,1.064398,0.3380262,0.7840697,1.214596,0.3965139
1933,0.5849192,0.9521211,-0.01336345,0.5346714,1.315572,-0.02365646,0.4823527,1.622771,-0.0002130233,0.5082253,0.9408525,-0.03685984,0.5125043,0.5089076,-0.03145275,0.5927246,0.1185393,-0.2007644,0.661613,0.9633896,0.01013295,0.7642189,0.5442051,-0.009368348,0.8744759,0.1438789,-0.1321343,0.4447153,1.424611,0.004871476,0.312029,1.401998,0.005069151,0.3122042,1.148617,0.0676734,0.5835154,1.448266,0.004664553,0.7162018,1.470878,0.004466851,0.7688398,1.236607,0.1067771,0.2418373,1.06459,0.3350862,0.7632869,1.214357,0.3948666
1967,0.5698229,0.9497218,-0.01295234,0.5189805,1.313042,-0.02482622,0.4649568,1.620073,-0.003112315,0.4940994,0.9382632,-0.03932753,0.5026892,0.5066012,-0.0245582,0.5914276,0.1207984,-0.1999744,0.6455464,0.9611804,0.01342284,0.7306312,0.5387481,-0.01716381,0.8300993,0.139925,-0.1533081,0.4281741,1.421758,0.002199495,0.2956014,1.398529,0.0008284539,0.2943461,1.144484,0.06067244,0.5668555,1.446059,0.00363357,0.6994284,1.469289,0.005004586,0.7539046,1.2352,0.1067691,0.2277599,1.06525,0.3305053,0.7463767,1.213037,0.3948204
2000,0.5560303,0.9479752,-0.01715496,0.5056396,1.311271,-0.03144483,0.4505371,1.618283,-0.01231959,0.4816163,0.9364792,-0.04701108,0.4945455,0.5053988,-0.02198108,0.5902117,0.1222621,-0.1995855,0.6304444,0.9594711,0.01270116,0.6958876,0.5332466,-0.01325872,0.7875654,0.1362589,-0.1598364,0.4141377,1.41991,-0.006537931,0.2816616,1.396349,-0.009999556,0.2796175,1.141484,0.04621873,0.552718,1.444557,-0.00291694,0.6851943,1.468119,0.0005446642,0.7429942,1.233957,0.1002886,0.214961,1.065974,0.3175848,0.7335789,1.211001,0.388222
2033,0.5435194,0.9477384,-0.02905541,0.4943707,1.311047,-0.04689642,0.4388663,1.618191,-0.03139481,0.4705735,0.9362359,-0.06233595,0.4877641,0.5060573,-0.02663067,0.5895234,0.1224378,-0.1997498,0.6164652,0.9592409,0.004225126,0.6625101,0.5297429,0.01016863,0.7495476,0.1326,-0.138798,0.4024429,1.419861,-0.02443812,0.2700478,1.396208,-0.02982987,0.2678223,1.140682,0.02330284,0.5409386,1.444604,-0.01879807,0.6733339,1.468257,-0.01340634,0.735967,1.234091,0.08336414,0.2025803,1.066385,0.2948631,0.7247021,1.209246,0.3710744
2067,0.5323966,0.9486746,-0.04622566,0.484753,1.311929,-0.06866801,0.4293756,1.619288,-0.05760641,0.4607348,0.937056,-0.08215059,0.4820034,0.50797,-0.03679835,0.5893961,0.1216636,-0.2002708,0.6040584,0.9602931,-0.01030073,0.6353491,0.5339382,0.05187926,0.716885,0.1344222,-0.09381892,0.3926989,1.42109,-0.04853198,0.2603446,1.397476,-0.05499407,0.2588909,1.141706,-0.003021665,0.5311518,1.445792,-0.04177227,0.6635062,1.469406,-0.03531019,0.7315745,1.235569,0.05854303,0.1910935,1.066157,0.2675655,0.7186344,1.208437,0.3459761
2100,0.52255,0.9499452,-0.06423636,0.4760414,1.313005,-0.09165327,0.4210133,1.620556,-0.08511726,0.4516166,0.9380452,-0.1014902,0.4771133,0.5100685,-0.04848148,0.5894702,0.1206493,-0.200855,0.5934833,0.9618451,-0.02698253,0.6122388,0.5461345,0.08902125,0.687526,0.1437127,-0.05196698,0.3840772,1.422552,-0.07328132,0.2517085,1.399004,-0.07968778,0.252517,1.143461,-0.02660154,0.5225451,1.447185,-0.0665798,0.6549139,1.470733,-0.06017334,0.7277688,1.237367,0.03122594,0.1812509,1.065343,0.2423601,0.7134836,1.208322,0.3184083
2133,0.5137841,0.9507475,-0.07852321,0.4676902,1.313546,-0.1098235,0.4129944,1.621209,-0.1065889,0.4428613,0.9385297,-0.1156944,0.4726834,0.5114757,-0.05773301,0.5895357,0.1200068,-0.2012138,0.5847068,0.9629653,-0.04135204,0.5928937,0.5539141,0.0973352,0.6600323,0.1488368,-0.04011983,0.3759197,1.423393,-0.09229317,0.2434995,1.39991,-0.09781303,0.2484161,1.144896,-0.0424489,0.5144414,1.447959,-0.08651911,0.6468617,1.471442,-0.08099926,0.7230501,1.238159,0.007856734,0.1730504,1.064463,0.2247069,0.7076997,1.207806,0.2948489
2167,0.5105528,0.950754,-0.07995804,0.4643281,1.313403,-0.1127686,0.4099696,1.621134,-0.1105848,0.4390697,0.9383827,-0.1159876,0.470528,0.5112966,-0.05913791,0.5896897,0.1199923,-0.2011609,0.5820358,0.9631253,-0.04392845,0.581474,0.5487326,0.07814713,0.6385919,0.1413081,-0.05687848,0.3728169,1.423429,-0.09501351,0.240332,1.400058,-0.09931715,0.2511221,1.145644,-0.04205646,0.5114063,1.447878,-0.09051172,0.6438913,1.47125,-0.08620809,0.721901,1.237396,-0.000488393,0.1703585,1.064174,0.2232009,0.7057071,1.206193,0.2863661
2200,0.5163009,0.9500136,-0.05899828,0.4699357,1.312695,-0.09124183,0.4161284,1.620517,-0.08824831,0.4440158,0.9377128,-0.09341577,0.4730133,0.5089487,-0.04931976,0.5900056,0.120515,-0.2007172,0.5885859,0.9623144,-0.02458079,0.5803046,0.5336446,0.02831172,0.6200673,0.1258508,-0.111732,0.3787806,1.42286,-0.07253564,0.2462217,1.399719,-0.07564525,0.2637222,1.145877,-0.0175141,0.5174474,1.447067,-0.06928289,0.6500064,1.470209,-0.06617329,0.7287815,1.235403,0.01617973,0.1763785,1.064431,0.2456574,0.7120797,1.203512,0.3029295
2233,0.5208418,0.9487919,-0.03238223,0.4747986,1.311604,-0.06360164,0.4219065,1.619571,-0.05944148,0.4478153,0.9366941,-0.06527267,0.4758023,0.5064239,-0.03865954,0.5903746,0.1213154,-0.2000712,0.5938683,0.9608896,0.0005082041,0.5855865,0.5293577,-0.0178113,0.6101159,0.1195135,-0.1553437,0.3841144,1.421985,-0.04390383,0.2514687,1.399232,-0.04600912,0.2748098,1.145904,0.01231349,0.5228722,1.445786,-0.04170167,0.6555181,1.468539,-0.03959639,0.734505,1.232798,0.03983098,0.181709,1.064914,0.2736455,0.7176098,1.200147,0.3264838
2267,0.522036,0.9475023,-0.01197586,0.4768913,1.310417,-0.04331831,0.4252229,1.61859,-0.03905936,0.4484801,0.9356089,-0.04374202,0.4772561,0.5047461,-0.03136479,0.5905806,0.122139,-0.1994674,0.5955918,0.9593956,0.01979029,0.5995745,0.5397767,-0.08281629,0.6035665,0.1191864,-0.1856604,0.3867424,1.421161,-0.02321105,0.2539997,1.398925,-0.02461103,0.280966,1.145971,0.0337727,0.5256014,1.444422,-0.0217467,0.6583442,1.466658,-0.02034672,0.7371309,1.230129,0.0569066,0.1851676,1.065845,0.2943953,0.7199873,1.196754,0.3434612
2300,0.5207278,0.9464897,-0.0006874761,0.4768382,1.309378,-0.03404689,0.4265012,1.617789,-0.03138836,0.4468527,0.9347,-0.03174346,0.477426,0.5038073,-0.02718543,0.5903786,0.1228043,-0.1991375,0.5946029,0.9582794,0.0303685,0.597713,0.5402806,-0.07867898,0.6008303,0.1213142,-0.1879789,0.387197,1.420617,-0.01440679,0.254358,1.398946,-0.01548486,0.2824765,1.146145,0.0430166,0.5261568,1.443288,-0.01327918,0.6589959,1.46496,-0.01220111,0.7369863,1.227712,0.06364208,0.187693,1.067246,0.3043834,0.7192236,1.194031,0.3501233
2333,0.5184382,0.9458923,0.002772607,0.4758548,1.308596,-0.03409958,0.4267647,1.61722,-0.03437152,0.4443805,0.9340856,-0.02783871,0.4770869,0.5033348,-0.02500501,0.5896513,0.1232281,-0.1991808,0.592496,0.9576991,0.03338392,0.5956586,0.5401024,-0.07719192,0.5988286,0.121539,-0.1880239,0.3866276,1.420373,-0.01565943,0.253704,1.399229,-0.01680274,0.2809034,1.146351,0.04179792,0.5256758,1.442491,-0.01446357,0.6585994,1.463635,-0.01332026,0.735114,1.225659,0.06174118,0.190073,1.068108,0.3047611,0.7164685,1.192379,0.3482131
2367,0.5161685,0.9455091,0.001676561,0.4748437,1.307952,-0.03900405,0.4268828,1.616733,-0.04249484,0.4420108,0.9336476,-0.02867055,0.4768174,0.5030806,-0.0237186,0.5885354,0.1234562,-0.1994841,0.5903261,0.9573706,0.03202367,0.5938828,0.5396173,-0.07794691,0.5974477,0.1208969,-0.1881721,0.3859452,1.420223,-0.02204679,0.2529515,1.399549,-0.02357234,0.2777616,1.146447,0.03512131,0.5250668,1.44185,-0.02045108,0.6580605,1.462525,-0.01892553,0.7326444,1.223848,0.0558526,0.192468,1.067166,0.299623,0.7131374,1.191625,0.3423882
2400,0.5143064,0.9451421,-0.001292921,0.4743789,1.307377,-0.04509643,0.4275979,1.616298,-0.05125368,0.4401144,0.9333036,-0.03156483,0.4767317,0.5029458,-0.02288715,0.5873374,0.1235562,-0.1998589,0.5884985,0.9569807,0.02897899,0.5895172,0.5339383,-0.05853139,0.5967461,0.1208391,-0.1880917,0.3858075,1.420106,-0.0295177,0.252748,1.399915,-0.03164262,0.2744057,1.146554,0.02718475,0.5249979,1.441229,-0.02729501,0.6580575,1.461421,-0.02517009,0.730639,1.222208,0.04986656,0.1947274,1.064385,0.2925548,0.7103985,1.191258,0.3364913
2433,0.5129561,0.9448683,-0.004702599,0.474815,1.307018,-0.0507463,0.4294986,1.616112,-0.05883911,0.4387667,0.9331969,-0.0350458,0.4768337,0.5030432,-0.02310195,0.5863992,0.1234329,-0.2002474,0.5871456,0.9565398,0.0256406,0.5869327,0.5307958,-0.04761276,0.5965773,0.1212555,-0.1878727,0.3866763,1.420235,-0.0362922,0.2535395,1.400643,-0.03908582,0.2719398,1.147051,0.01985243,0.5259476,1.44073,-0.03337,0.6590844,1.460323,-0.03057637,0.7298924,1.22088,0.04541557,0.1966982,1.061021,0.2852939,0.709033,1.190773,0.3320859
2467,0.5120686,0.9449055,-0.008441363,0.4762211,1.307089,-0.05603147,0.4328131,1.616419,-0.06546497,0.4378572,0.9335639,-0.03885574,0.4770938,0.503561,-0.0253643,0.585951,0.1229117,-0.2007076,0.58628,0.956247,0.02197302,0.5853638,0.529045,-0.04222692,0.5966939,0.121402,-0.1877874,0.3886995,1.420888,-0.04241585,0.2554619,1.402088,-0.04578431,0.2709621,1.148325,0.01325463,0.5280762,1.440554,-0.03889233,0.6613139,1.459354,-0.03552387,0.7305665,1.220049,0.04231528,0.1983441,1.058557,0.2781883,0.7092945,1.189914,0.3289521
2500,0.5115471,0.9452564,-0.01237723,0.478476,1.307581,-0.06090156,0.4374509,1.617211,-0.07112871,0.4372395,0.9344081,-0.04273661,0.4774876,0.5044869,-0.02962448,0.5860065,0.1220386,-0.2012228,0.5858547,0.9561048,0.01798216,0.5844746,0.5280123,-0.03997457,0.5967594,0.1212407,-0.1878767,0.3917754,1.422068,-0.04782218,0.258411,1.404273,-0.05160595,0.2717193,1.150419,0.007575843,0.5312849,1.440684,-0.0438642,0.6646494,1.458479,-0.04008042,0.7323534,1.219613,0.04042199,0.1996942,1.057656,0.271638,0.7109939,1.188582,0.3269569
2533,0.5113087,0.9461441,-0.01556401,0.4813251,1.308712,-0.06427126,0.443011,1.618685,-0.07462549,0.4368384,0.9359311,-0.04574479,0.4782184,0.506045,-0.03527161,0.5864447,0.1211937,-0.2016014,0.5857789,0.9563571,0.01461678,0.5843268,0.5278856,-0.04046568,0.596462,0.1209897,-0.188038,0.3955942,1.42395,-0.05139002,0.2620887,1.407313,-0.0554532,0.2741967,1.15339,0.003688656,0.5352514,1.441354,-0.04713976,0.668757,1.457992,-0.04307658,0.7349564,1.219622,0.04010211,0.2007088,1.058385,0.2665485,0.713663,1.187122,0.3264789
2567,0.5114871,0.9480817,-0.01714489,0.4845965,1.311002,-0.06502938,0.4490395,1.621328,-0.0746348,0.4368203,0.9385999,-0.04707744,0.4798476,0.5087773,-0.04205976,0.5871915,0.1208082,-0.2015789,0.586154,0.9575636,0.01278766,0.5851489,0.5294616,-0.04510596,0.5956996,0.1209008,-0.1881301,0.3998836,1.426964,-0.05191035,0.2662382,1.411521,-0.05609059,0.2780615,1.157452,0.002477955,0.539687,1.443118,-0.04753763,0.6733326,1.45856,-0.04335739,0.738417,1.220445,0.04141719,0.2017775,1.060687,0.2638949,0.7168496,1.186242,0.3275751
2600,0.5124898,0.9499982,-0.01729989,0.4884365,1.313381,-0.06314008,0.4554313,1.624039,-0.07094742,0.4376275,0.9412987,-0.04698072,0.4818843,0.5115718,-0.0473875,0.5881001,0.1209819,-0.2011628,0.5873521,0.9586977,0.01238094,0.5863153,0.5311705,-0.04961386,0.5945816,0.1210021,-0.1881155,0.4046975,1.429961,-0.0492698,0.2709248,1.415645,-0.05338848,0.2827131,1.161305,0.004000939,0.544634,1.444937,-0.04496148,0.6784068,1.459253,-0.0408428,0.7429727,1.221049,0.04407833,0.2038787,1.062966,0.2640703,0.7204034,1.185194,0.3299567
2633,0.5147475,0.951512,-0.01639587,0.4933424,1.315469,-0.05887536,0.4626164,1.62642,-0.06380414,0.4398091,0.943636,-0.04611451,0.4758095,0.5132293,-0.03727939,0.5797471,0.1216393,-0.1900645,0.589686,0.959388,0.01332277,0.5877851,0.5325333,-0.05312645,0.5933597,0.1211335,-0.1880645,0.4104695,1.432528,-0.04388279,0.2765929,1.419233,-0.04805281,0.2877167,1.164491,0.007661205,0.5505148,1.446435,-0.03952076,0.6843914,1.45973,-0.03535073,0.7489179,1.22127,0.04887758,0.2076384,1.06449,0.266715,0.7248236,1.183848,0.3344306
2667,0.5182949,0.9523466,-0.01359997,0.4997384,1.316963,-0.05151406,0.4711509,1.628154,-0.05266275,0.4435892,0.9453712,-0.04411887,0.4627341,0.5143158,-0.02293348,0.5599236,0.1227665,-0.1801988,0.5930007,0.9593221,0.01691892,0.5895919,0.5335203,-0.05591805,0.5923285,0.1211819,-0.188049,0.4176071,1.434391,-0.03537183,0.2836605,1.422069,-0.04021867,0.2931618,1.166814,0.01340891,0.5577255,1.447282,-0.0303018,0.6916722,1.459605,-0.02545496,0.7564484,1.221034,0.05826481,0.2125326,1.065016,0.2715905,0.7310992,1.18187,0.3434751
2700,0.5185236,0.9481762,-0.01430524,0.503262,1.313466,-0.04682828,0.4768377,1.624834,-0.04365149,0.4444259,0.9422161,-0.04647675,0.4399205,0.5112931,-0.01632622,0.5260645,0.1242498,-0.1902969,0.5926213,0.9541363,0.01786626,0.5865934,0.5250682,-0.03201558,0.591706,0.1211989,-0.1880687,0.4217932,1.43122,-0.02973277,0.2878172,1.419914,-0.03603078,0.295377,1.164154,0.01545407,0.5619423,1.443047,-0.02314471,0.6959184,1.454352,-0.01684671,0.7611182,1.216032,0.06726001,0.2132796,1.060948,0.2726122,0.7355177,1.175107,0.3522006
2733,0.5038947,0.9428707,-0.03373459,0.4920808,1.308742,-0.0606712,0.4678226,1.62021,-0.05308215,0.4305886,0.9379925,-0.06784341,0.4095664,0.5070456,-0.04623493,0.4837523,0.1255645,-0.2371738,0.5772009,0.947749,0.000374224,0.5751168,0.5158937,-0.01061013,0.5913677,0.1212669,-0.1880776,0.4112503,1.426812,-0.04274545,0.2772813,1.416574,-0.0507798,0.2836288,1.160495,-0.000734482,0.5513922,1.437523,-0.03434103,0.6853611,1.447761,-0.02630668,0.7510026,1.209989,0.05899937,0.1983073,1.057024,0.2552648,0.7262266,1.168152,0.3438803
2767,0.4858251,0.9446394,-0.05016773,0.4769106,1.310927,-0.07209718,0.4545688,1.622416,-0.06051036,0.4131204,0.9407449,-0.08566236,0.3829216,0.5098017,-0.08583885,0.4417661,0.1256298,-0.276727,0.5585297,0.948534,-0.01467309,0.5646306,0.5165807,-0.01289985,0.5909389,0.1214428,-0.1880083,0.3966849,1.429266,-0.05324964,0.2627253,1.420003,-0.06252778,0.2688937,1.163868,-0.01274937,0.536817,1.438956,-0.04354414,0.6707767,1.44822,-0.03426601,0.7365934,1.210953,0.05230265,0.1795862,1.061471,0.2423204,0.7131948,1.169796,0.3373993
2800,0.4680416,0.945927,-0.05356563,0.4608653,1.31247,-0.0715142,0.4398945,1.623912,-0.05659568,0.3954464,0.9427532,-0.08935483,0.3550412,0.5129386,-0.1051934,0.3959215,0.123856,-0.2907537,0.5406368,0.9491009,-0.01777643,0.5561562,0.517392,-0.01450974,0.5899164,0.1219821,-0.1877158,0.3811453,1.430955,-0.05147735,0.2471562,1.422389,-0.06099593,0.2535486,1.166335,-0.01082653,0.5213082,1.439916,-0.04152033,0.6552973,1.448482,-0.03200176,0.720764,1.21129,0.0550354,0.1614959,1.066194,0.2441629,0.6984543,1.172657,0.3405721
2833,0.449587,0.9457728,-0.04606832,0.4428256,1.312464,-0.06087162,0.4225135,1.623802,-0.04313261,0.3766285,0.9430114,-0.08114579,0.32454,0.5146803,-0.1022001,0.3470228,0.1214403,-0.2820499,0.5225455,0.9485341,-0.01099086,0.549108,0.5173541,-0.0125025,0.5878366,0.1229886,-0.1870449,0.3634366,1.430914,-0.03936586,0.2293815,1.422672,-0.04821754,0.2359544,1.166624,0.001955688,0.5036686,1.439535,-0.03010646,0.6377238,1.447777,-0.0212548,0.7024203,1.210088,0.06499939,0.1433986,1.069997,0.2581162,0.6798381,1.175723,0.3510596
2867,0.4302521,0.9439555,-0.03810153,0.422817,1.31073,-0.05029808,0.4024097,1.621913,-0.0301219,0.356756,0.9413368,-0.07204939,0.2933778,0.5144018,-0.09031805,0.2988787,0.1190514,-0.2668311,0.5037483,0.9465743,-0.004153665,0.5418906,0.516273,-0.007315336,0.5851989,0.124265,-0.186042,0.3435171,1.428953,-0.02727038,0.2093994,1.420663,-0.0350674,0.2165549,1.164456,0.01420661,0.4838144,1.437625,-0.01911423,0.6179322,1.445915,-0.01131722,0.6819938,1.207397,0.07310157,0.1248204,1.072304,0.2723042,0.6569432,1.178102,0.3595203
2900,0.4099588,0.9413819,-0.04154813,0.4011662,1.308189,-0.05169594,0.3799982,1.619191,-0.02960465,0.3360441,0.9386966,-0.07456942,0.2639931,0.5128991,-0.08593453,0.2555854,0.1173522,-0.2618921,0.4838735,0.9440673,-0.008526847,0.5342066,0.5150512,-0.002545057,0.5822625,0.1253105,-0.1849784,0.3217022,1.426041,-0.02737238,0.1875519,1.417392,-0.03414913,0.1964162,1.160954,0.01362311,0.4620339,1.435089,-0.02028352,0.5961843,1.443739,-0.01350679,0.6602941,1.204479,0.0687498,0.105168,1.073006,0.2733548,0.6309189,1.179405,0.3551581
2933,0.389039,0.9385586,-0.06591646,0.3786376,1.305357,-0.07476155,0.3562818,1.61619,-0.05148801,0.3149482,0.9356713,-0.09852361,0.2377365,0.5106336,-0.100836,0.2203308,0.1164834,-0.2792507,0.4631297,0.9414459,-0.03330931,0.5253116,0.5151238,-0.001577478,0.5798718,0.1262264,-0.1839811,0.2988304,1.422785,-0.04952244,0.1646767,1.41358,-0.05544928,0.1764105,1.156993,-0.009115115,0.4391655,1.432414,-0.04332264,0.5733193,1.441619,-0.03739581,0.6381705,1.202019,0.04327343,0.08446427,1.071535,0.2512009,0.6043379,1.179253,0.3293826
2967,0.3717315,0.9363098,-0.1024396,0.3597914,1.303066,-0.1110763,0.3360873,1.613787,-0.08764589,0.2977009,0.9331293,-0.135156,0.2192781,0.5083503,-0.1291011,0.1986583,0.1162701,-0.3116854,0.445762,0.9394904,-0.06972332,0.5156693,0.5179451,-0.006189957,0.5786117,0.1276965,-0.1829198,0.2795519,1.420115,-0.08545049,0.145417,1.410283,-0.09076299,0.1602556,1.153715,-0.04522196,0.4198673,1.4304,-0.07989335,0.5540023,1.440233,-0.07458088,0.6197882,1.200768,0.005731724,0.06631865,1.068961,0.214613,0.5834015,1.178611,0.2915752
3000,0.3600172,0.9370434,-0.1330541,0.3467297,1.30372,-0.1429905,0.3216802,1.614424,-0.1207521,0.2862182,0.9334695,-0.1662496,0.2128315,0.5078187,-0.173983,0.1918118,0.1164976,-0.3581434,0.4338161,0.9406172,-0.09985857,0.5079635,0.5234355,-0.01568286,0.5772753,0.12952,-0.181561,0.2660228,1.420509,-0.1176491,0.1319217,1.410054,-0.122612,0.1488501,1.153646,-0.0768964,0.4063029,1.431448,-0.1124575,0.5404041,1.441904,-0.1074946,0.6067578,1.202874,-0.02635931,0.05258213,1.068018,0.1817965,0.5708248,1.180566,0.2595299
3033,0.3463741,0.9383118,-0.1627652,0.3319767,1.304853,-0.1757003,0.3057131,1.615636,-0.156128,0.2728871,0.9342317,-0.1965885,0.2043931,0.5077261,-0.2016465,0.1908084,0.1170857,-0.3879382,0.419861,0.9423919,-0.1289419,0.4992562,0.5296811,-0.02899085,0.5756187,0.1311602,-0.1801165,0.2508229,1.421538,-0.151322,0.1167615,1.410511,-0.1561202,0.1341247,1.154354,-0.1091783,0.3910614,1.433073,-0.146303,0.5251229,1.4441,-0.1415049,0.5913157,1.205437,-0.05916645,0.03588531,1.067264,0.1482821,0.5586195,1.18309,0.2271078
3067,0.3304279,0.939172,-0.1865282,0.3152933,1.305506,-0.2037907,0.2881377,1.616427,-0.1880134,0.2572497,0.934527,-0.220943,0.1914228,0.5078214,-0.206342,0.1901016,0.1180926,-0.3950182,0.403606,0.943817,-0.1521134,0.4897531,0.534545,-0.04395095,0.5738242,0.1318771,-0.1791535,0.2337859,1.422248,-0.1809157,0.09976141,1.410786,-0.1857249,0.1161683,1.154922,-0.13688,0.3739858,1.434237,-0.175885,0.5080104,1.445699,-0.1710758,0.5731779,1.206988,-0.08806211,0.01641426,1.065972,0.1193595,0.5452435,1.185001,0.1987438
3100,0.3127203,0.9390393,-0.2016984,0.2972951,1.305129,-0.2233228,0.2696686,1.616179,-0.211356,0.2398037,0.9339056,-0.2365957,0.1769662,0.5078714,-0.202386,0.1894683,0.1196143,-0.393669,0.3856368,0.944173,-0.1668011,0.4797606,0.536665,-0.0586255,0.5721011,0.1311648,-0.1791739,0.2155562,1.422023,-0.2021108,0.08156358,1.410319,-0.2072167,0.09630094,1.154699,-0.1565966,0.3557227,1.434267,-0.1967698,0.4897154,1.445972,-0.191664,0.5531529,1.206797,-0.1086433,-0.004811659,1.063275,0.09823568,0.5299962,1.18538,0.178631
3133,0.2938237,0.937481,-0.2102117,0.2782557,1.303395,-0.2345471,0.2503393,1.614501,-0.2249657,0.221106,0.9320419,-0.2454759,0.1624078,0.5068755,-0.1963628,0.1886251,0.1217056,-0.3924389,0.3665413,0.9429201,-0.1749476,0.4692657,0.5359294,-0.07281884,0.5706156,0.1289246,-0.1803566,0.1963293,1.420375,-0.2145705,0.0623713,1.40853,-0.2202265,0.0753688,1.153054,-0.1684136,0.3364597,1.432767,-0.208654,0.4704178,1.444614,-0.2029979,0.5318606,1.204965,-0.1198442,-0.0269068,1.058823,0.08492768,0.5126111,1.184053,0.1677555
3167,0.2743072,0.9349452,-0.2142654,0.2580774,1.300829,-0.2386168,0.2295321,1.611881,-0.2290813,0.2016777,0.9293659,-0.2496889,0.1481846,0.5050716,-0.1885589,0.1874372,0.1244273,-0.3911873,0.3469366,0.9405245,-0.1788418,0.4584139,0.5331941,-0.08785379,0.5694893,0.1255161,-0.1824583,0.1758456,1.41765,-0.2189616,0.04193535,1.405552,-0.2251905,0.05351411,1.150182,-0.1725273,0.315926,1.430306,-0.2124459,0.4498363,1.442404,-0.206217,0.5095287,1.202607,-0.1222202,-0.04919972,1.053424,0.07968178,0.4930477,1.181923,0.165568
3200,0.2543782,0.9328237,-0.2122008,0.2363273,1.298796,-0.2337903,0.2063693,1.609631,-0.2218424,0.181618,0.9271619,-0.2473418,0.1349565,0.5026757,-0.1820867,0.1863254,0.1265094,-0.3902915,0.3271385,0.9384856,-0.1770599,0.4477255,0.5302001,-0.1036718,0.5687386,0.1224337,-0.1847365,0.1535279,1.415089,-0.2134011,0.01968832,1.402445,-0.2200474,0.02993004,1.1472,-0.166509,0.2935344,1.428315,-0.2064487,0.4273741,1.440959,-0.1998025,0.4858597,1.201193,-0.1148726,-0.07141867,1.048432,0.08547318,0.4708175,1.180352,0.1729828
3233,0.2347784,0.9328989,-0.1998902,0.2136234,1.298941,-0.2170039,0.1814447,1.609375,-0.2010607,0.1615903,0.9270695,-0.234103,0.1239102,0.5002023,-0.1794349,0.1857539,0.1270183,-0.3901435,0.3079666,0.9387283,-0.1656775,0.4378877,0.5287213,-0.1251952,0.5684052,0.1204283,-0.1864412,0.1299819,1.414369,-0.1951867,-0.003758773,1.400862,-0.2021185,0.004737859,1.145715,-0.1478159,0.2698849,1.428499,-0.1879357,0.4036258,1.442006,-0.181004,0.4613646,1.202083,-0.09600876,-0.09260041,1.045202,0.1050559,0.446463,1.18074,0.1918172
3267,0.2180417,0.9356158,-0.1770862,0.1930286,1.301582,-0.1901519,0.1582416,1.61152,-0.1704772,0.1441887,0.9294012,-0.2097682,0.1179573,0.4990961,-0.1819574,0.1856521,0.1259088,-0.3908537,0.2918947,0.9418303,-0.1444042,0.4296302,0.5329367,-0.1658264,0.5676847,0.1230964,-0.1872982,0.1084049,1.416034,-0.1670226,-0.02521171,1.401497,-0.1742559,-0.0183352,1.146239,-0.1202405,0.2481783,1.431242,-0.159456,0.381795,1.44578,-0.1522227,0.4389777,1.205413,-0.06811053,-0.1106895,1.043886,0.1337597,0.423573,1.183331,0.2196333
3300,0.2074271,0.9401175,-0.150204,0.1785603,1.305858,-0.1615274,0.1412807,1.615385,-0.140048,0.1328458,0.9332758,-0.1810555,0.1196858,0.5015985,-0.1913317,0.18567,0.1237332,-0.392212,0.2820084,0.9469592,-0.1193524,0.4275539,0.5402811,-0.1266635,0.5747154,0.1366277,-0.180483,0.09298339,1.419495,-0.1378953,-0.04049764,1.403948,-0.1455209,-0.03370414,1.148211,-0.09381397,0.2326147,1.435759,-0.1299184,0.3660958,1.451307,-0.1222927,0.4228292,1.21036,-0.03954323,-0.1239635,1.043843,0.1601193,0.407106,1.187465,0.2481197
3333,0.2044487,0.9449204,-0.1309446,0.1721932,1.310352,-0.1430656,0.1327549,1.619639,-0.1219774,0.1292476,0.9373167,-0.1600647,0.1279276,0.5079798,-0.2079409,0.1855754,0.1211882,-0.3938391,0.2796498,0.9525241,-0.1018246,0.424436,0.5455558,-0.1079799,0.5755091,0.1498328,-0.1978091,0.085787,1.423427,-0.1197529,-0.04756606,1.406964,-0.1276899,-0.03880241,1.15056,-0.07971693,0.2252845,1.440648,-0.1114504,0.3586376,1.457112,-0.1035135,0.4151053,1.215576,-0.02231664,-0.1317815,1.044447,0.1725064,0.3993606,1.192157,0.265303
3367,0.1993247,0.9486817,-0.1343446,0.1642225,1.313769,-0.1487237,0.1228858,1.62292,-0.1293538,0.1237178,0.940316,-0.1621767,0.1307407,0.5127642,-0.2236105,0.185149,0.1190207,-0.3953512,0.2749315,0.9570473,-0.1065126,0.4077045,0.5459588,-0.1052422,0.5570856,0.160631,-0.2344583,0.07711588,1.42644,-0.1260725,-0.05613026,1.409119,-0.1339801,-0.04426754,1.152273,-0.08914322,0.2165016,1.444559,-0.1178007,0.3497478,1.46188,-0.1098932,0.406225,1.219788,-0.03037652,-0.1429211,1.045176,0.1604952,0.3899726,1.19654,0.2572287
3400,0.1809836,0.950608,-0.1591918,0.1435437,1.315353,-0.1761166,0.1004298,1.624386,-0.1588292,0.1052532,0.9415686,-0.1864717,0.1186026,0.5118908,-0.2291661,0.1841983,0.1179234,-0.3964261,0.256714,0.9596473,-0.1319119,0.3773901,0.5448459,-0.1329851,0.5169603,0.1558536,-0.2621913,0.05581828,1.427669,-0.1540943,-0.07733785,1.409514,-0.1616395,-0.0623622,1.152621,-0.1180155,0.1951098,1.44666,-0.1462017,0.3282661,1.464816,-0.1386565,0.3852662,1.222258,-0.06095175,-0.1666715,1.045616,0.1293526,0.3671256,1.199874,0.2266092
3433,0.1606016,0.9503369,-0.1767326,0.121382,1.314794,-0.195726,0.07653221,1.623676,-0.1802744,0.08511845,0.9407663,-0.204512,0.1051537,0.5099369,-0.2291832,0.1828142,0.1183109,-0.3967749,0.2360848,0.9599075,-0.1489533,0.3438574,0.5417269,-0.1373711,0.4710475,0.1480528,-0.2651694,0.03304975,1.426741,-0.1742647,-0.1000115,1.407783,-0.1815012,-0.08246964,1.151097,-0.1376184,0.1722419,1.446573,-0.1666949,0.3053032,1.465532,-0.1594585,0.3636719,1.222701,-0.08364522,-0.1902243,1.044816,0.1085829,0.3422166,1.201424,0.2037712
3467,0.1419158,0.948227,-0.1836359,0.1015504,1.312504,-0.2036562,0.05499544,1.621189,-0.1893548,0.06714519,0.9383186,-0.2131687,0.0928001,0.5072088,-0.223663,0.1813906,0.120105,-0.396265,0.2166863,0.9581355,-0.1541031,0.3118588,0.5379728,-0.1220171,0.4251734,0.1414348,-0.2539508,0.01256181,1.424043,-0.1827904,-0.1203767,1.404342,-0.1902926,-0.1009495,1.147863,-0.1459929,0.1516256,1.444653,-0.1749426,0.2845642,1.464355,-0.1674404,0.3453142,1.221517,-0.09354623,-0.2096749,1.043301,0.1005174,0.3198852,1.201159,0.193613
3500,0.1264044,0.9450729,-0.1840172,0.08544251,1.309305,-0.2036278,0.03724873,1.617745,-0.1894519,0.05279947,0.9350563,-0.2163124,0.0821639,0.5040568,-0.2152223,0.1803261,0.1226279,-0.3951258,0.2000094,0.9550894,-0.151722,0.2819388,0.53431,-0.09827784,0.3825056,0.1371387,-0.238386,-0.004251741,1.420386,-0.183343,-0.1370314,1.40003,-0.191845,-0.1161045,1.143645,-0.1476882,0.1346459,1.44168,-0.1744494,0.2674257,1.462036,-0.1659474,0.3315145,1.219438,-0.0941135,-0.2243929,1.042446,0.1004129,0.3021006,1.199673,0.1927063
3533,0.1144445,0.9422095,-0.1847452,0.07309068,1.306482,-0.2027221,0.02336127,1.614639,-0.1877211,0.04220416,0.9322682,-0.2200087,0.07363495,0.5015578,-0.2088451,0.1798365,0.1247979,-0.3939458,0.1866848,0.9521509,-0.1494818,0.2539489,0.5313612,-0.07851995,0.3439571,0.1344058,-0.2262155,-0.0172866,1.41707,-0.1827787,-0.1498916,1.396146,-0.1925336,-0.1272449,1.139862,-0.1486365,0.1214284,1.438958,-0.1725744,0.2540334,1.459883,-0.1628195,0.3220589,1.217686,-0.09328967,-0.2351492,1.044029,0.1017521,0.2888604,1.198077,0.1931273
3567,0.1049912,0.9408737,-0.1916296,0.06307833,1.305171,-0.2077052,0.01198525,1.613046,-0.1915485,0.0338609,0.9310362,-0.2291089,0.06697664,0.5007871,-0.208784,0.1799017,0.1257162,-0.3933342,0.1761216,0.9507113,-0.1541503,0.2283289,0.5287277,-0.07780781,0.3088996,0.1310433,-0.2289522,-0.02786042,1.415289,-0.1877156,-0.1603257,1.393859,-0.1982393,-0.1352691,1.137852,-0.1540324,0.1107084,1.437708,-0.1767072,0.2431738,1.459139,-0.1661836,0.3150251,1.217386,-0.09899533,-0.2438232,1.04893,0.09861451,0.2784954,1.197378,0.1869883
3600,0.09688495,0.9412085,-0.2052495,0.05420328,1.30547,-0.2200754,0.002072953,1.613125,-0.2030706,0.02627759,0.93137,-0.2437047,0.06182675,0.5017754,-0.2152672,0.1802599,0.1253268,-0.3934502,0.1674923,0.9510471,-0.1667943,0.2060771,0.525336,-0.1043013,0.2772023,0.1257597,-0.2551955,-0.03709102,1.415223,-0.1997065,-0.1694931,1.393366,-0.2101468,-0.1413785,1.137831,-0.1650591,0.1014118,1.438088,-0.1887853,0.233814,1.459947,-0.178345,0.3087263,1.21861,-0.1130274,-0.2518506,1.056135,0.08919124,0.2695491,1.197876,0.1725536
3633,0.08888711,0.9420173,-0.2205006,0.04550244,1.306219,-0.2347319,-0.007151941,1.613754,-0.2171872,0.01820745,0.932101,-0.2588027,0.05742309,0.5032972,-0.2239679,0.1805267,0.124522,-0.3938617,0.1595668,0.9519335,-0.1821984,0.1861165,0.5227253,-0.1409736,0.2491681,0.1244881,-0.2988364,-0.04588145,1.41577,-0.2136854,-0.1783046,1.393643,-0.2232551,-0.147021,1.138693,-0.1769606,0.09264325,1.438916,-0.2036749,0.2250666,1.461043,-0.1941051,0.3020576,1.220137,-0.129624,-0.2600945,1.063355,0.07810801,0.2606151,1.198969,0.1556053
3667,0.08446752,0.9418113,-0.2234398,0.04078243,1.306,-0.2370703,-0.01174257,1.613516,-0.2188139,0.01330243,0.9318756,-0.2608272,0.05527342,0.5033335,-0.2259826,0.1804255,0.1243863,-0.3939856,0.1556326,0.9517471,-0.1860525,0.1738522,0.5204666,-0.1690452,0.2299241,0.124848,-0.3358713,-0.05038974,1.415522,-0.2149791,-0.1829047,1.393371,-0.223114,-0.1490439,1.139044,-0.1752355,0.08823111,1.438694,-0.2064695,0.2207463,1.460845,-0.1983346,0.298881,1.220401,-0.1335052,-0.2640721,1.068683,0.08038029,0.255026,1.199625,0.1513921
3700,0.08637251,0.9400432,-0.2075828,0.04308702,1.304311,-0.2203406,-0.008604517,1.611908,-0.201092,0.0145801,0.9302441,-0.2437882,0.05652399,0.5010937,-0.2174305,0.1799883,0.1252988,-0.3935663,0.1581649,0.9498422,-0.1713774,0.1754404,0.5183552,-0.1833991,0.2255948,0.1254855,-0.3584047,-0.04759934,1.413986,-0.1970426,-0.180245,1.392109,-0.2036414,-0.1449242,1.138346,-0.1538569,0.0911582,1.436873,-0.1901399,0.223804,1.458751,-0.1835412,0.3022079,1.218649,-0.1177768,-0.2600129,1.071404,0.1026481,0.2558218,1.199011,0.1668003
3733,0.08667622,0.9371789,-0.1925872,0.04463764,1.301616,-0.2046778,-0.005624434,1.609402,-0.1846787,0.01439967,0.9276702,-0.2278956,0.05614834,0.4981858,-0.2072993,0.1795037,0.1268556,-0.3927351,0.1589528,0.9466876,-0.1572788,0.1795561,0.5162615,-0.1878222,0.2267474,0.1260973,-0.3695748,-0.04540749,1.411638,-0.1805466,-0.1781904,1.390318,-0.1861306,-0.1426182,1.136931,-0.1346405,0.09349359,1.433942,-0.1747055,0.2262767,1.455263,-0.1691216,0.3042617,1.215183,-0.1027784,-0.2557483,1.071621,0.1231535,0.2556804,1.196776,0.1815143
3767,0.0852157,0.9344165,-0.184387,0.04503025,1.299054,-0.1967272,-0.003518231,1.607124,-0.1768671,0.01271798,0.9252442,-0.2193291,0.0542555,0.4956946,-0.199688,0.1791761,0.1283401,-0.3918717,0.1577134,0.9435887,-0.1494449,0.1825864,0.5144697,-0.1925987,0.2283079,0.1262485,-0.3788321,-0.04437218,1.409584,-0.1725228,-0.1772788,1.388984,-0.1778647,-0.1423061,1.135691,-0.125509,0.09465839,1.431133,-0.1669349,0.2275652,1.451734,-0.1615931,0.304868,1.211352,-0.09554763,-0.2524973,1.070066,0.1334753,0.2544903,1.193627,0.1884759
3800,0.08328713,0.9328083,-0.1835939,0.04502123,1.297591,-0.1976313,-0.001922276,1.605999,-0.179214,0.01076195,0.9238557,-0.2185359,0.0523729,0.4944396,-0.1963031,0.1789107,0.1291809,-0.3914014,0.1558123,0.941761,-0.1486518,0.1827757,0.5126758,-0.1908757,0.2269952,0.1257658,-0.3801755,-0.04385389,1.408702,-0.1741567,-0.1768535,1.388795,-0.1798029,-0.142849,1.135329,-0.1276503,0.09527396,1.429526,-0.1682505,0.2282738,1.449434,-0.1626044,0.3050489,1.20862,-0.09752094,-0.2504922,1.067618,0.1318682,0.252819,1.19088,0.1861669
3833,0.08186485,0.9327834,-0.1884294,0.04518858,1.297592,-0.2056769,-0.000484284,1.606343,-0.1900108,0.00938718,0.92384,-0.2234723,0.05184289,0.494749,-0.1969694,0.178458,0.1292294,-0.3915281,0.1543425,0.9417268,-0.1533865,0.1831098,0.5124157,-0.1919667,0.2255168,0.124981,-0.3806067,-0.04331851,1.409279,-0.1835881,-0.1763726,1.389912,-0.1898008,-0.1433583,1.136112,-0.1386436,0.09586626,1.429538,-0.1770893,0.2289205,1.448906,-0.1708766,0.3053982,1.207734,-0.1067805,-0.2497491,1.06509,0.120506,0.2509447,1.189639,0.1764664
3867,0.08129343,0.9338183,-0.1950727,0.04587159,1.298528,-0.2165126,0.001180425,1.607584,-0.2044359,0.00887958,0.9247198,-0.2302074,0.05297546,0.4960531,-0.1998021,0.1777357,0.1287113,-0.3921142,0.1537073,0.9429168,-0.1599379,0.1839156,0.5133827,-0.1947498,0.2241939,0.1244795,-0.3808172,-0.04239928,1.410749,-0.1962582,-0.1754717,1.391779,-0.2032547,-0.1432777,1.137587,-0.1535464,0.09680463,1.430592,-0.1889394,0.2298772,1.449562,-0.1819428,0.3060629,1.208173,-0.1183183,-0.2499246,1.062563,0.1043673,0.2492135,1.189847,0.1644425
3900,0.08149056,0.9351923,-0.2004802,0.04723462,1.299729,-0.2263016,0.003417466,1.609035,-0.2179959,0.009183057,0.9258969,-0.235782,0.05501914,0.4975845,-0.2030477,0.1769902,0.1279898,-0.3928157,0.1537981,0.9444877,-0.1651783,0.1849528,0.5147758,-0.1968179,0.2231189,0.1245931,-0.3806383,-0.04087321,1.412435,-0.2081388,-0.1739296,1.393805,-0.2162618,-0.1423696,1.139181,-0.1683876,0.09831393,1.431925,-0.1996417,0.2313704,1.450556,-0.1915187,0.3070699,1.209061,-0.1277132,-0.2505145,1.059798,0.08759022,0.2480706,1.190795,0.1546108
3933,0.082109,0.9363331,-0.2031472,0.04907655,1.300694,-0.2327679,0.006128659,1.610192,-0.227771,0.009973094,0.926898,-0.2387616,0.05686711,0.4987383,-0.2055312,0.176564,0.127394,-0.3933213,0.1542449,0.9457681,-0.1675327,0.1859367,0.5159615,-0.1972976,0.2223271,0.1251726,-0.3801879,-0.0388872,1.413825,-0.2166631,-0.1718962,1.395522,-0.2261859,-0.1409262,1.140448,-0.1803644,0.1002503,1.432971,-0.2067016,0.2332595,1.451275,-0.1971788,0.3082592,1.209721,-0.1327754,-0.2511325,1.056872,0.07338986,0.2476608,1.191721,0.1492267
3967,0.0827352,0.9370129,-0.2035933,0.05078227,1.301254,-0.2357672,0.008591646,1.610884,-0.2330193,0.01076555,0.9275252,-0.2395287,0.05787896,0.4993465,-0.2068586,0.1765309,0.1270985,-0.3935196,0.1547048,0.9465007,-0.1676579,0.1866987,0.5166714,-0.1967645,0.2217777,0.1257972,-0.3797286,-0.0370431,1.4147,-0.2212066,-0.1699978,1.39668,-0.2319484,-0.1396531,1.141236,-0.1878003,0.1020376,1.433552,-0.2099699,0.2349924,1.451574,-0.1992281,0.3092403,1.209955,-0.1341991,-0.251535,1.054512,0.06415802,0.2477217,1.192279,0.1476242
4000,0.08314137,0.9372856,-0.2031448,0.05179465,1.301477,-0.2364512,0.01003924,1.611174,-0.2347064,0.01125426,0.9277967,-0.2392447,0.05821589,0.4995497,-0.2072574,0.1766475,0.1270361,-0.3935276,0.1550285,0.9467745,-0.1670448,0.1871542,0.5169601,-0.1962252,0.2214792,0.1261482,-0.3794652,-0.035939,1.415087,-0.2226258,-0.1688634,1.397229,-0.2339968,-0.138982,1.14159,-0.1906704,0.1031099,1.433767,-0.210731,0.2360344,1.451625,-0.19936,0.309782,1.20995,-0.1339696,-0.2516412,1.053322,0.06040369,0.2479161,1.19249,0.147791
4033,0.0832733,0.9373385,-0.202915,0.05207857,1.301521,-0.23646,0.010436,1.611234,-0.2349262,0.01140239,0.9278539,-0.2390484,0.05827288,0.4995798,-0.207293,0.1766994,0.1270388,-0.3935117,0.1551442,0.946823,-0.1667817,0.1872915,0.5170166,-0.1960576,0.2214,0.1262333,-0.3793991,-0.03562875,1.41517,-0.2227949,-0.1685466,1.397356,-0.2343087,-0.1388109,1.14167,-0.1911612,0.1034134,1.433806,-0.2107508,0.2363315,1.451621,-0.199237,0.3099351,1.209927,-0.1337547,-0.2516281,1.053047,0.05971716,0.2480076,1.192526,0.1479962
